screen_name	user_id	politician
_wyattstorch	109782727	0
140elect	15259328	0
2nd_to_none	842217397	0
3quarters2day	33079769	0
aacons	25770408	0
aaronrobinow	632466068	0
abc	28785486	0
abfalecbaldwin	288452305	0
aclu	13393052	0
actuallynph	90420314	0
adambaldwin	91279573	0
adamgreenpress	325118816	0
aei	30864583	0
aflcio	10069612	0
afphq	44209472	0
agcelotto	19916238	0
ahmalcolm	14465607	0
ajam	1178700896	0
ajenglish	4970411	0
alangrayson	41017380	0
albertbrooks	263292498	0
alexwagner	54208274	0
alfranken	7334402	1
algore	17220934	0
allenwest	237403203	1
allinwithchris	1286312880	0
alpipkin	25713562	0
alternet	18851248	0
amandacarpenter	14844867	0
ambassadorrice	19674502	0
ambjohnbolton	118756393	0
amnesty	16153562	0
amorc11	15886750	0
amprog	17171111	0
amyklobuchar	33537967	1
amymek	954124423	0
anamariecox	11640472	0
andercrenshaw	20209807	1
andersoncooper	15224867	0
andreatantaros	36452050	0
andrewbreitbart	18280993	0
andrewluck23	23468661	0
andywendt	11102352	0
annakendrick47	59949396	0
anncoulter	196168350	0
anncurry	20109973	0
anndromney	263758909	0
annebayefsky	342894187	0
ap	51241574	0
appsame	242618658	0
april_mg	399179578	0
arcticfox2016	101264587	0
ariannahuff	21982720	0
ariberman	15952856	0
aridavidusa	40443752	0
arifleischer	35218566	0
arimelber	15441965	0
arlenwms	20009204	0
askgeorge	7356562	0
assholeofday	1377719425	0
aterkel	15727317	0
athudd	15722673	0
austinscottga08	234797704	1
azizansari	6480682	0
bachusal06	78431501	0
bannerite	19088288	0
barackobama	813286	1
barbaraboxer	15939889	1
barneyfranken	100638300	1
barracudamama	73657657	0
bbcbreaking	5402612	0
bbcworld	742143	0
benhowe	64088396	0
benjaminspector	15891841	0
benjealous	43638469	0
benshapiro	17995040	0
bernardgoldberg	27382597	0
betseyross	33811812	0
bettemidler	139823781	0
biggovt	57428429	0
billcassidy	55677432	0
billclinton	1330457336	1
billclintonthof	942868836	0
billgates	50393960	0
billhemmer	21010214	0
billmaher	19697415	0
billmckibben	21786618	0
billmoyershq	15667291	0
billpostmus	379962842	0
billyhallowell	14282169	0
billyraybryant	878916812	0
blackrepublican	18294521	0
bloggingcaesar	41280377	0
bluedupage	41186732	0
bluegrasspundit	21044127	0
bluenredstate	552355237	0
bluewaterdays	24645354	0
boarhead1	543373179	0
bobbyjindal	17078632	0
bobg231	264268489	0
boblatta	15394954	0
boldprogressive	25704351	0
booyahboyz	361859989	0
borowitzreport	17293897	0
bosshoggusmc	22966253	0
bradaschenck	15195679	0
bradmd	24914494	0
bradsherman	30216513	0
bradthor	20748745	0
braveconwarrior	329323059	0
bravelad	16703058	0
breakingnews	6017542	0
breitbartnews	457984599	0
bretbaier	18646108	0
brithume	112047805	0
brookingsinst	151106990	0
brucebraley	29293808	1
buzzfeed	5695632	0
bwilliams	173999134	0
byronyork	47739450	0
cafalk	49388157	0
callisto1947	208083510	0
callout4	990627116	0
camanpour	69181624	0
candicelanier	107633302	0
candicemiller	15281676	1
candilissa	2987787144	0
cantwellpress	3143431748	1
capaction	15554922	0
capehartj	97474887	0
captivatingnews	292374563	0
captyonah	376388082	0
carltoddhand	42304448	0
carrieffisher	75641903	0
carrollstandard	21343653	0
cathymcmorris	17976923	1
catoinstitute	15450996	0
catwahler	88494677	0
cbrangel	21312077	1
cbsnews	15012486	0
cecilerichards	17011177	0
chakafattah	48086014	0
change	15947602	0
charlesmblow	20772763	0
charlesmunn1	379869831	0
charliedaniels	23798694	0
chasd3	42834939	0
chelliepingree	14984637	1
chelseaclinton	757303975	0
cher	124003770	0
chris_1791	312149882	0
chriscoons	15324851	1
chriscuomo	22799750	0
chrisjzullo	321774180	0
chrislhayes	4207961	0
chrisloesch	491461409	0
chrismurphyct	150078976	1
chrisrock	238319766	0
christichat	732980827	0
chrisvanhollen	18137749	1
chuckgrassley	10615232	1
chucknellis	315878798	0
chucktodd	50325797	0
chuckwoolery	462104542	0
citizensrock	271030180	0
clairecmc	16160352	1
clintonfdn	75069067	0
clintonglobal	68999404	0
clyburn	188019606	1
cnbc	20402945	0
cnn	759251	0
cnnbrk	428333	0
cnnmoney	16184358	0
collchris	20414217	0
collegedems	19824430	0
colorofchange	27793335	0
conanobrien	115485051	0
concreteczar	260920107	0
congbillposey	25086658	1
congculberson	24183358	1
conghuelskamp	233761277	1
congpalazzo	299883942	1
congressmandan	242761889	1
congressmangt	18967498	1
conservalidity	19850687	0
conservative_vw	346924655	0
cornelwest	36743910	0
corybooker	15808765	1
countdownko	242911974	0
creepingsharia	15650882	0
crooksandliars	14513611	0
crowleycnn	2995408587	0
cspan	15675138	0
cubfanbeerguy	892111028	0
cynthialummis	22831059	1
daggy1	24305174	0
dailycaller	39308549	0
dailykos	20818801	0
dalailama	20609518	0
danaperino	27311044	0
danarohrabacher	19139963	1
danjoseph78	17971747	0
darkmission1	469371578	0
darrellissa	22509548	1
davereichert	16102244	0
daveweigel	13524182	0
davidaxelrod	244655353	0
davidcorndc	15220768	0
davidgregory	20608910	0
davidlimbaugh	179245596	0
davidshuster	20480549	0
davidvitter	19028248	1
davidwebbshow	24295482	0
dawnriseth	570911869	0
daxtonbrown	288283415	0
dbargen	23195603	0
dccc	14676022	0
deanstjames	464780665	0
demgovs	38477209	0
democracynow	16935292	0
deniseromano	43626022	0
dennisdmz	113758100	0
derricktodd	21032998	0
desjarlaistn04	235312723	1
diana236	23039411	0
dickmorristweet	49140008	0
dineshdsouza	91882544	0
dloesch	7702542	0
dmashak	10207502	0
donna_west	18220818	0
donnabrazile	60919240	0
dorismatsui	38254095	0
dougdauntless	97963881	0
drdigipol	6092972	0
drmartyfox	26900055	0
drphilroe	52503751	0
drudge	247723476	0
drudge_report	14669951	0
dscc	14466538	0
dwstweets	115979444	1
dylanratigan	48847011	0
eagle_vision	73774016	0
ebertchicago	79797834	0
econjared	297067961	0
edincali	27503607	0
edistomoore	94857536	0
edshow	75052666	0
edwrather	27671624	0
ejdionne	453319164	0
eleanornorton	23600262	1
elirubenstein	440688620	0
elizabethforma	357606935	1
ellenpage	255747911	0
elmonte08	48038030	0
emfingersscout	70156027	0
emilyslist	63262233	0
ericamey2	930784507	0
ericarn4usa	20347310	0
ericboehlert	34643610	0
ericbolling	14839147	0
ericcantor	18891923	1
eugene_robinson	59031230	0
evalongoria	110827653	0
everytown	250386727	0
evilconservativ	25029390	0
ewdolan	29309901	0
ewerickson	640893	0
exposeliberals	21707592	0
ezraklein	18622869	0
f396	110863694	0
fakedansavage	313091751	0
famousquotenet	14367719	0
fareedzakaria	41814169	0
farenthold	17896154	0
fbnstossel	158769098	0
feministing	30000912	0
ffrnewsnet1	428081159	0
fiestabuckeye	169629177	0
financialtimes	4898091	0
fingersflying	50836292	0
finigoodman	212670233	0
finneyk	45671898	0
fishwithdan	80601437	0
fitzzer777	525630064	0
fladems	76027332	0
flotus	1093090866	0
foramerica	190905427	0
forbes	91478624	0
forewit	311137675	0
foxandfriends	15513604	0
foxbusiness	56413858	0
foxnation	37764422	0
foxnews	1367531	0
foxnewsalert	31540671	0
foxnewspolitics	16032925	0
franklautenberg	135297032	1
frankpallone	31801993	1
frankrichny	79366215	0
fredbarnes	15731751	0
fredthompson	2704951	0
freedomdisciple	823112684	0
freedomworks	14730894	0
ft	18949452	0
ftr__radio	19114646	0
funnyordie	15693493	0
gabby_hoffman	104342107	0
gabbygiffords	44177383	1
galtsgirl	74014041	0
garysinise	128393253	0
gatesfoundation	17899109	0
gatewaypundit	19211550	0
gavinnewsom	11347122	0
gawker	8936082	0
gaylandanderson	60699354	0
gayleking	29546945	0
gaypatriot	18244206	0
genemcvay	27789999	0
geoff9cow	21717987	0
georgehwbush	475988505	0
georgetakei	237845487	0
gerfingerpoken	96442308	0
gerryconnolly	78445977	1
ggreenwald	16076032	0
glaad	31583882	0
glennbeck	17454769	0
gloriasteinem	48269483	0
goangelo	53130511	0
goldietaylor	15862440	0
good	19621110	0
gop	11134252	0
gopathetic	15280845	0
gopblackchick	108807556	0
gopleader	19739126	1
gopwhip	2693983838	1
gottalaff	15368940	0
govchristie	90484508	0
governorperry	18906561	0
govmikehuckabee	15416505	0
govwalker	213795411	0
gr8_2b_alive	112562263	0
gracenapolitano	161411080	0
grahamblog	14845376	1
greggharper	23712174	0
greggutfeld	28628850	0
gregorymeeks	22812754	0
gretawire	2885573474	0
gstephanopoulos	17074440	0
guardian	87818409	0
guntrust	32258396	0
gwenifill	164412502	0
hardball	205864193	0
hardball_chris	48802204	0
heidil_rn	332637055	0
herb_slojewski	615687834	0
heritage	10168082	0
herrerabeutler	242926427	1
heytammybruce	22956220	0
hillaryclinton	1339835893	0
hitrecordjoe	24807616	0
hodgman	14348594	0
hollyrfisher	2996283182	0
holyfield67	379498878	0
homunculusloikm	233933230	0
housecracka	16190478	0
housedemocrats	43963249	0
housegop	15207668	0
housetransinf	2982232425	0
howardfineman	14962779	0
hrc	19608297	0
hrw	14700316	0
huffingtonpost	14511951	0
huffpostpol	15458694	0
hughhewitt	15075999	0
iamjohnoliver	316389142	0
iamrashidajones	562381032	0
iepluribusunum	378933826	0
indyenigma	16672662	0
ingrahamangle	50769180	0
inlawsoutlaws	77329593	0
iowahawkblog	149913262	0
iresistall	347057474	0
irritatedwoman	16710420	0
isheeple1	906620078	0
istook	15551300	0
jackkingston	36654245	1
jacksonleetx18	80612021	1
jacquie0415	351361539	0
jahimes	31611298	0
jamesokeefeiii	16989178	0
jamesrosenfnc	48029066	0
janefonda	18583722	0
janschakowsky	24195214	1
jasoninthehouse	17800215	1
jasonsegel	407977463	0
jdcorbinpm	115945502	0
jddickson	23205346	0
jeanniemcbride	3086155613	0
jedediahbila	60680268	0
jeffersonobama	39609732	0
jeffflake	16056306	1
jefffortenberry	18805303	1
jengranholm	14185317	0
jeremyscahill	23839835	0
jerrybrowngov	19418459	0
jerrymoran	18632666	1
jessetyler	17350250	0
jessicachasmar	89005882	0
jhartellis	212097279	0
jilevin	24733117	0
jim_jordan	18166778	1
jim_moran	47412499	1
jimdemint	9508922	1
jimlangevin	18909919	1
jimmyfallon	15485441	0
jjauthor	177584156	0
jmattbarber	22770745	0
jn3_16_21	22540858	0
joanwalsh	1106501	0
joaquincastrotx	231510077	1
joebiden	939091	1
joethepatriotic	140640762	0
john_dingell	2982226132	1
johnboehner	5357812	1
johnboozman	5558312	1
johncarneyde	237770636	0
johncleese	10810102	0
johncornyn	13218102	1
johnfromcranber	1065869268	0
johnfugelsang	33276161	0
johnkerry	15007149	1
johnlegend	18228898	0
jonahnro	71627462	0
jonathanalter	21844854	0
jonwexford	144350248	0
josephbrandon8	858921774	0
joshtpm	21268897	0
joyannreid	49698134	0
joyvbehar	32004130	0
jstines3	101395252	0
jtimberlake	26565946	0
juddapatow	88749392	0
judgecarter	18030431	1
judgenap	29216764	0
judgetedpoe	74198348	1
judicialwatch	18247062	0
juliancastro	19682187	0
just_a_texan	884304968	0
kanyewest	169686021	0
karlrove	18791763	0
kathygriffin	21148293	0
katiecouric	18812301	0
katiepavlich	48459553	0
katrinanation	59159771	0
katyinindy	20958510	0
kchenoweth	31641658	0
kdrum	18276341	0
keithboykin	21728303	0
keithellison	14135426	1
keitholbermann	130617778	0
kellyayotte	229592356	1
kennettdems	959596692	0
kenwahl1	97912404	0
kerrywashington	205302299	0
kesgardner	182251918	0
kevinspacey	27457788	0
kilmeade	43919633	0
kimguilfoyle	25101996	0
kirstenpowers	14335880	0
klsouth	32497478	0
krauthammer	27744185	0
kristenschaaled	130922325	0
krystalball	21862217	0
kurtschlichter	18089606	0
ladowd	379479080	0
ladygaga	14230524	0
lamarsmithtx21	15856366	1
laprogressive	18554720	0
larryelder	195271137	0
lastgreatstand	466090255	0
latimes	16664681	0
lawrence	158426909	0
leeterryne	18317325	1
leftoutloud	329443994	0
leftsideannie	71715641	0
lemarquand	294892027	0
lenadunham	31080039	0
leodicaprio	133880286	0
lessgovmorefun	547969112	0
lexielewis888	502067536	0
libertybritt	26344615	0
libertyjuice	118401061	0
libertyladyusa	212302405	0
libertysurfer	28918971	0
lifenewshq	50434933	0
limbaugh	22047070	0
lindasuhler	347627434	0
linnyitssn	228554424	0
lisamurkowski	18061669	1
liz_cheney	98471035	0
lizzwinstead	57917441	0
lolgop	11866582	0
lorettasanchez	108376246	1
loudobbsnews	26487169	0
louisck	2218092372	0
louiseslaughter	63169388	1
lr3031	34434801	0
lrihendry	129235890	0
lukerussert	21220931	0
mad_humor	1620539378	0
maddow	16129920	0
maddowblog	91180720	0
madicino	19511717	0
marble300	66265121	0
marchaig	89277004	0
marchilliker	143695063	0
marcorubio	15745368	1
margaretcho	16305330	0
mariodb	37094727	0
markeymemo	3047090620	0
marklevinshow	38495835	0
markos	24431892	0
markrmatthews	16814727	0
markruffalo	47285504	0
marksteynonline	270412323	0
markudall	8128442	1
markwarner	7429102	1
marshablackburn	278145569	1
marstu67	851711263	0
marthamaccallum	46681100	0
marthaplimpton	281390508	0
martinbashir	270013816	0
mashable	972651	0
mastadonarmy	127486569	0
mattbatzel	52944689	0
mattyglesias	15446531	0
mattyiceaz	221969181	0
maxinewaters	36686040	1
maziehirono	92186819	1
mccaskilloffice	57065141	1
mcconnellpress	339822881	1
mch7576	754135908	0
megynkelly	110445334	0
melindagates	161801527	0
melissatweets	14728168	0
mercuryoneoc	343772856	0
mericanrefugee	947843994	0
messina2012	356885109	0
mharrisperry	18587457	0
mhpshow	475286355	0
miablove	343171266	1
miafarrow	33235771	0
michaelcburgess	15751083	1
michaeledyson	55334133	0
michaelemlong	17527466	0
michelebachmann	18217624	1
michellemalkin	15976697	0
michelleobama	409486555	0
middleamericams	55370049	0
mikandynothem	492833134	0
mike_beacham	829735580	0
mike_johanns	2982221968	0
mikebloomberg	16581604	0
mikecrapo	600463589	1
miller51550	66951419	0
mindykaling	23544596	0
mitchellreports	89820928	0
mittromney	50055701	0
mkhammer	4923811	0
mmfa	13493302	0
mmflint	20479813	0
mmmoonie	196871565	0
momsdemand	1017637447	0
monicacrowley	166990746	0
moonbattery1	254732884	0
morningmika	18227519	0
motherjones	18510860	0
moveon	26657119	0
mrclean2012	17714851	0
msnbc	2836421	0
mtaibbi	38271276	0
mthorntoncpa	573972193	0
mundyspeaks	110918004	0
nahbabynah	792660210	0
nancypelosi	15764644	1
nansen	14389132	0
nasa	11348282	0
natesilver538	16017475	0
natgeo	17471979	0
natshupe	158060289	0
naughtybeyotch	475811383	0
nbcnews	14173315	0
neiltyson	19725644	0
netanyahu	17061263	0
newsbusters	45190383	0
newshour	14437914	0
newsweek	2884771	0
newtgingrich	20713061	0
newyorker	14677919	0
nf3l	417388541	0
nicholsuprising	466519303	0
nickegoroff	19515059	0
nickkristof	17004618	0
nikiinthehouse	242892689	0
nikkihaley	37666984	0
ninaturner	188793260	0
nitalowey	221792092	0
noh8campaign	32774989	0
noltenc	16163639	0
norahodonnell	21111896	0
norsu2	149315713	0
nowwithalex	409456907	0
npr	5392522	0
nprnews	3386439610	0
nprpolitics	5741722	0
nra	21829541	0
nro	19417492	0
nrocorner	46002396	0
nydiavelazquez	164369297	1
nytimes	807095	0
nytimeskrugman	17006157	0
obama_clock	316126656	0
obama_czar	79258361	0
obama_games	59461030	0
occupycorruptdc	417451460	0
occupywallst	335369838	0
occupywallstnyc	335972576	0
ofa	15667802	0
ofatruthteam	340333435	0
officialadele	184910040	0
opengov	24752484	0
oprah	19397785	0
oreillyfactor	23970102	0
p0tus	23255247	1
pac43	89496720	0
palmaceiahome1	295171830	0
pamelageller	15669672	0
pari_passu	53019309	0
patdollard	15300388	0
patrickmchenry	27676828	0
patriot_zero	1370016014	0
patriotic_me	35216399	0
patriotlemonade	294145954	0
pattonoswalt	139162440	0
pattymurray	293131808	1
patvpeters	33611715	0
paulbegala	352548417	0
pbs	12133382	0
peddoc63	1379288282	0
peteolson	12726012	0
peterroskam	20015903	1
petesessions	24735461	0
petesouza	18215973	0
peytonjames	42126668	0
phxken	561654065	0
piersmorgan	216299334	0
pjmedia_com	7597712	0
pjstrikeforce	121656624	0
pmgeezer	39755667	0
pointlesspol	805669518	0
pol0tix	15406238	0
politicailine	3210853588	0
politicallaughs	374138602	0
politichickam	450697476	0
politico	9300262	0
politics_pr	16711026	0
politicsnation	364423298	0
politicususa	14792049	0
politifact	8953122	0
politixfireball	342821167	0
politixgal	45641358	0
pourmecoffee	16906137	0
ppact	22162854	0
ppppolls	61220477	0
presidentdiary	174316096	0
presssec	113420831	0
prfekrdumbrella	209941571	0
progressivepush	19077091	0
propublica	14606079	0
proudpatriot	19286059	0
pryan	733751245	1
pudingtane	45450902	0
questlove	14939981	0
rainnwilson	19637934	0
randcorporation	22545453	0
randy_forbes	15160884	1
randyneugebauer	34340464	1
rasmussen_poll	19553409	0
rat_skates	125471278	0
raul_labrador	246341769	1
ravenvape	3041527840	0
rbreich	148529707	0
rcooley123	172867574	0
readyforhillary	3236446039	0
reaganworld	93241358	0
realbencarson	1180379185	0
realdonaldtrump	25073877	0
realjameswoods	78523300	0
realjtp	30865013	0
realronhoward	125481462	0
realstaceydash	63291287	0
recorwin	104874562	0
redalert	418991627	0
redeyefnc	182824991	0
redhourben	62290422	0
redstate	3135241	0
reince	20733972	0
rep_southerland	237781383	1
rep_stevewomack	234469322	1
repadamschiff	29501253	1
repadamsmith	58928690	1
repalannunnelee	240376522	1
repalgreen	156333623	1
repandrecarson	199325935	1
repannaeshoo	249348006	1
repanniekuster	1058717720	1
repannwagner	1051446626	1
repbarbaralee	248735463	1
repbecerra	133832049	1
repbenraylujan	19318314	1
repbillflores	237312687	1
repbilljohnson	211530910	1
repbillshuster	22527499	1
repbobbyscott	161791703	1
repbobgibbs	234822928	1
repbrady	148453195	1
repbrianhiggins	33576489	1
repchrisgibson	234937222	1
repchuck	235190657	1
repcleaver	163570705	1
repcohen	162069635	1
repcorrinebrown	292935209	1
repcorygardner	2982232408	1
repcuellar	210926192	1
repcummings	787373558	1
repdankildee	1045110018	1
repdavecamp	28176898	1
repdavid	229197216	1
repdavideprice	155669457	1
repdavidscott	168673083	1
repdennisross	33655490	1
repdianadegette	28599820	1
repdianeblack	110545675	1
repdonnaedwards	82649553	1
repdonyoung	37007274	1
repduckworth	1058520120	1
repebj	168502762	1
repedroyce	246769138	1
repeliotengel	164007407	1
reperikpaulsen	17513304	1
repfinchertn08	249219716	1
repfitzpatrick	237944147	1
repfleming	84620376	1
repfredupton	124224165	1
repgaramendi	88806753	1
repgarypeters	2982232534	1
repgenegreen	111635527	1
repgoodlatte	37920978	1
repgosar	240760644	1
repgregwalden	32010840	1
repgusbilirakis	26051676	1
repgutierrez	36948268	1
repgwenmoore	22669526	1
rephanabusa	235373000	1
rephankjohnson	24745957	1
rephartzler	237763317	1
rephensarling	18566912	1
rephuizenga	233949261	1
rephultgren	237814920	1
repjbridenstine	1092757885	1
repjeffdenham	248699486	1
repjeffduncan	240393970	1
repjerrynadler	40302336	1
repjimcooper	22523087	1
repjimmatheson	46016028	1
repjimmcdermott	132201224	1
repjimrenacci	236916916	1
repjoebarton	19929362	1
repjoecourtney	85396297	1
repjoecrowley	111635980	1
repjoeheck	222286905	1
repjoekennedy	1055907624	1
repjoepitts	198526130	1
repjohnbarrow	2982162291	1
repjohnconyers	138770045	1
repjohnkline	76350004	1
repjohnlarson	50452197	1
repjohnlewis	29450962	1
repjohnyarmuth	384913290	1
repjonrunyan	309267226	1
repjoseserrano	33563161	1
repjudychu	193732179	1
repjustinamash	3058189305	1
repkarenbass	239949176	1
repkaygranger	161743731	1
repkenmarchant	23976316	1
repkevinbrady	19926675	1
repkevinyoder	252819642	1
repkinzinger	219429281	1
repkristinoem	235251868	1
replankford	2982190139	1
replarrybucshon	234812598	1
replindasanchez	312134473	1
replloyddoggett	153944899	1
replobiondo	241207373	1
reploiscapps	292990703	1
reploubarletta	239871673	1
replouiegohmert	22055226	1
replynnjenkins	19658173	1
repmaloney	258900199	1
repmarciafudge	153486399	1
repmarktakano	1037321378	1
repmartharoby	224294785	1
repmcclintock	50152441	1
repmcgovern	242426145	1
repmckinley	240427862	1
repmeehan	248850174	1
repmgriffith	234057152	1
repmickmulvaney	240385577	1
repmikecoffman	19407835	1
repmikehonda	16583468	1
repmikemcintyre	3539455334	1
repmikemichaud	19918558	1
repmikepompeo	244268646	1
repmikequigley	56864092	1
repmikerogers	156703580	1
repmikerogersal	33977070	1
repmiketurner	51228911	1
repmobrooks	237299871	1
reppaulbrounmd	2982157083	1
reppaulryan	18916432	1
reppaultonko	84119348	1
repperlmutter	20552026	1
reppeteking	18277655	1
reppeterdefazio	252249233	1
repphilgingrey	32506723	1
repraulgrijalva	28602948	1
repreneeellmers	213634439	1
repribble	234053893	1
reprichardhanna	236899846	1
reprichmond	267854863	1
reprickcrawford	233693291	1
reproberthurt	234837632	1
repronkind	112740986	1
repsamfarr	158398519	1
repsandylevin	25781141	1
repschrader	20545793	1
repscottrigell	221793778	1
repseanduffy	234022257	1
repshelley	2982192437	1
repshimkus	15600527	1
repsinema	1080844782	1
repsires	18696134	1
repspeier	24913074	1
repstevechabot	237750442	1
repsteveisrael	20002401	1
repstevepearce	235271965	1
repstevestivers	211420609	1
repteddeutch	137794015	1
repterrisewell	381152398	1
repthomasmassie	975200486	1
reptimgriffin	2982231454	1
reptimmurphy	117777832	1
reptimryan	13491312	1
reptipton	242873057	1
reptoddyoung	234128524	1
reptomgraves	190328374	1
reptommarino	240363117	1
reptomprice	6577802	1
reptomreed	252819323	1
reptrentfranks	24773493	1
repwalberg	237862972	1
repwalterjones	26778110	1
repwestmoreland	137407124	1
repwilson	234014087	1
resisttyranny	58708159	0
restorehistory	1669492729	0
reuters	1652541	0
rev_gordon	195092201	0
richardengel	47438401	0
richardwolffedc	56700964	0
ricksantorum	58379000	0
rickygervais	20015311	0
rightwingangel	415836996	0
rightwingart	554335063	0
rightwingertoo	22099720	0
robdelaney	22084427	0
robert_aderholt	76452765	0
robportman	2612307559	1
robwittman	15356407	1
rockprincess818	715044396	0
rolandsmartin	16116288	0
rollingstone	14780915	0
ronanfarrow	340613443	0
ronc99	259094582	0
ronpaul	287413569	0
ronwyden	250188760	1
rosadelauro	140519774	1
rosie	25203361	0
roslehtinen	14275291	1
royblunt	21269970	1
ruach321	373703200	0
rumsfeldoffice	193785644	0
rushholt	111379452	1
rushlimbaugh	342887079	0
rustyrockets	19562228	0
rwhitmmx	50094643	0
rwsurfergirl	112874216	0
salon	16955991	0
samseder	15473574	0
samsteinhp	15463671	0
samuelljackson	75974281	0
sandrafluke	494583213	0
sanfordbishop	249410485	0
sarahksilverman	30364057	0
sarahpalinusa	65493023	0
saramarietweets	18124830	0
saxbychambliss	538185166	1
saynotogop	849169945	0
schwarzenegger	12044602	0
scleghorn2	605762052	0
scottwalker	33750798	0
scotusblog	16228479	0
scrowder	19091173	0
sealofhonor	291941733	0
seanhannity	41634520	0
secupp	19268706	0
seiu	14695985	0
sen_joemanchin	234374703	1
senalexander	76649729	1
senangusking	1068481578	1
senate_gops	14344823	0
senatedems	73238146	0
senatorbaldwin	1074518754	1
senatorbarb	132278386	1
senatorbegich	83901492	1
senatorboxer	15442036	1
senatorburr	21157904	1
senatorcardin	109071031	1
senatorcarper	249787913	1
senatorcollins	19726613	1
senatordurbin	247334603	1
senatorenzi	291756142	1
senatorfischer	1071402577	1
senatorhagan	2990240959	1
senatorharkin	115733549	1
senatorheitkamp	1061029050	1
senatorisakson	78403308	1
senatorkirk	211588974	1
senatorleahy	242836537	1
senatormenendez	18695134	1
senatorreid	16789970	1
senatorrisch	1096059529	1
senatorsessions	47975734	1
senatorshaheen	109287731	1
senatortimscott	217543151	1
senatortomudall	60828944	1
senatorwicker	264219447	1
senbennetco	224285242	1
senbillnelson	20597460	1
senblumenthal	278124059	1
senbobcasey	171598736	1
senbobcorker	73303753	1
sencarllevin	93761782	1
sendancoats	212262370	1
sendeanheller	266133081	1
sendonnelly	216503958	1
senfeinstein	476256944	1
sengillibrand	72198806	1
senjackreed	486694111	1
senjeffmerkley	29201047	1
senjohnbarrasso	202206694	1
senjohnhoeven	382791093	1
senjohnmccain	19394188	1
senjohnsonsd	244243985	1
senjohnthune	296361085	1
senlandrieu	413466731	1
senmarkpryor	2982190553	1
senmikelee	88784440	1
senorrinhatch	262756641	1
senpatroberts	75364211	1
senronjohnson	233737858	1
sensanders	29442313	1
senschumer	17494010	1
senshelby	21111098	1
sensherrodbrown	43910797	1
sentedcruz	1074480192	1
senthadcochran	555474658	1
sentoomey	221162525	1
senwarren	970207298	1
senwhitehouse	242555999	1
sethmacfarlane	18948541	0
sethmeyers	44039298	0
sexyliberal	2902953095	0
shannonbream	18983793	0
sharylattkisson	203226736	0
sinoradio	54229868	0
sirpatstew	602317143	0
sistertoldjah	16377693	0
slate	15164565	0
sljohnst	23330730	0
smithsonian	14199378	0
smlbound	50057841	0
smshow	80944550	0
soldierjohn	109192303	0
soledadobrien	26548315	0
soopermexican	5781452	0
soshajustis	76057201	0
southerntalker	22873947	0
speakerboehner	7713202	0
spreadbutter	26643566	0
srjones66	63013144	0
stabenow	20113797	0
statedept	9624742	0
stefcutter	114547989	0
stephenathome	16303106	0
stephenfhayes	69773058	0
stephenfry	15439395	0
stephenkruiser	12144232	0
stephenstephan	42091611	0
stevecarell	500042487	0
stevekingia	48117116	0
stevekornacki	44134773	0
stevemartintogo	14824849	0
steveworks4you	1059240924	1
stonewall_77	885733974	0
sullydish	331816614	0
sunbeltgirl	356199275	0
talkmaster	16725276	0
tamij	16259228	0
tamronhall	21228708	0
tavissmiley	10886522	0
tayloregly	60784269	0
teamcavuto	223970563	0
teapartycat	27754737	0
teapartyexpress	16366471	0
teapartynevada	44135635	0
tedcruz	23022687	1
tednugent	17879692	0
tedtalks	15492359	0
tehachapihomes	360080281	0
terri_georgia	49021031	0
texyellowdogdem	868856461	0
tgowdysc	237348797	1
theatlantic	35773039	0
theblaze	10774652	0
thebubblebubble	320524842	0
thedailybeast	16012783	0
thedailyedge	179732982	0
thedailyshow	158414847	0
thedavidmcguire	403171779	0
thedemocrats	14377605	0
theeconomist	5988062	0
theellenshow	15846407	0
thefix	14412533	0
theflacracker	27783848	0
thehermancain	28587919	0
thelastword	182503471	0
thenation	1947301	0
thenewdeal	78569026	0
theobamadiary	325340909	0
theonion	14075928	0
theoutergalaxys	314260116	0
theplumlinegs	20508720	0
thereval	42389136	0
theroot	23995748	0
thescienceguy	3028904482	0
theteaparty_net	218027755	0
thetoady	263471041	0
thetweetofgod	204832963	0
theyoungturks	14957147	0
thinkprogress	55355654	0
thom_hartmann	21414576	0
thomas_more_law	258527170	0
thomasjwhitmore	18653708	0
thomassowell	57338175	0
timbishopny	153919023	0
time	14293310	0
timenout	54769979	0
timpawlenty	23134068	0
timtebow	166270127	0
tjholthaus	28162811	0
tjurman	24099461	0
tkinder	9376622	0
tmckeaigg	257801122	0
todayshow	7744592	0
toddrokita	17544524	0
toddstarnes	15515169	0
tomcoburn	18216752	1
tomcoleok04	23124635	1
tomhall	14993272	0
tomhanks	50374439	0
tomlatham	10102032	1
tomrooney	23970171	1
toure	18766459	0
townhallcom	28614262	0
tpm	14717197	0
tppatriots	86177206	0
tracyachambers	915594294	0
trendingblue	242288569	0
treyradel	17198100	1
trscoop	18208120	0
truckingrich	297769932	0
truckshorsesdog	62815642	0
trunewsradio	129019194	0
truthfulorator	1594679162	0
truthout	19605981	0
ts_fitzgerald	993951462	0
tuckercarlson	22703645	0
twitchyteam	469194846	0
txfairtaxer	324602503	0
txrightwing	707305604	0
un	14159148	0
unclerush	25110374	0
under_dogma	188848758	0
unicef	33933259	0
uniteblue	360285166	0
uniteright	3146202265	0
upwithsteve	69193833	0
upworthy	524396430	0
usatoday	15754281	0
usprogressives	246088673	0
usrepmikedoyle	39249305	1
usreprhinojosa	239905257	1
vanityfair	15279429	0
vanjones68	131497030	0
varepall	1955132936	0
vernbuchanan	20467163	1
virginiafoxx	16256269	1
vistajake	190589983	0
vj44	595515713	0
vp	325830217	1
wagnergirle	22456513	0
wanderer19	48854106	0
warrenbuffett	1364930179	0
warriorwoman91	118190428	0
washingtondctea	26122639	0
washingtonpost	2467791	0
waynebogda	111225697	0
waynedupreeshow	282695161	0
weeklystandard	17546958	0
wegoted	3113887713	0
wendydavistexas	2336902850	0
whiphoyer	22012091	0
whitehouse	30313925	0
whlive	369505837	0
whoopigoldberg	284602545	0
wikileaks	16589206	0
willis9189	450224751	0
wisesensei	636303971	0
wolfblitzer	71294756	0
workingamerica	51228973	0
wsj	3108351	0
yipeedog	633899914	0
yokoono	17681513	0
yougivemefever7	334660170	0
youngcons	42822396	0
yvetteclarke	240812994	0
zeitgeist2o12	263358545	0
zooeydeschanel	66561957	0
