source	meta_id	user_id	screen_name
members_of_congress	MS11794659	21111098	senshelby
members_of_congress	MS11749703	19726613	senatorcollins
members_of_congress	MS11749308	293131808	pattymurray
members_of_congress	MS11749300	476256944	senfeinstein
members_of_congress	MS11742102	110798061	ttuberville
members_of_congress	MS11742102	1345739193721487362	sentuberville
members_of_congress	MS11742101	117839957	hickenlooper
members_of_congress	MS11742101	1318728336923787264	senatorhick
members_of_congress	MS11742100	1152598802873880576	billhagertytn
members_of_congress	MS11742100	1346873610875654147	senatorhagerty
members_of_congress	MS11741905	1324926274888888320	senmarkkelly
members_of_congress	MS11741903	131546062	senrickscott
members_of_congress	MS11741902	50055701	mittromney
members_of_congress	MS11741902	1078693601356509184	senatorromney
members_of_congress	MS11741901	1080960924687704064	senhawleypress
members_of_congress	MS11741901	2352629311	hawleymo
members_of_congress	MS11741900	1080870981877534720	senatorbraun
members_of_congress	MS11741707	262192574	cindyhydesmith
members_of_congress	MS11741707	983348251972816896	senhydesmith
members_of_congress	MS11741706	941000686275387392	sentinasmith
members_of_congress	MS11741706	47724293	tinasmithmn
members_of_congress	MS11741703	816683274076614656	senjohnkennedy
members_of_congress	MS11741702	946549322	senatorhassan
members_of_congress	MS11741701	30354991	kamalaharris
members_of_congress	MS11741700	3145735852	catherinefornv
members_of_congress	MS11741700	811313565760163844	sencortezmasto
members_of_congress	MS11741505	2955485182	senatorrounds
members_of_congress	MS11741504	22195441	thomtillis
members_of_congress	MS11741504	2964174789	senthomtillis
members_of_congress	MS11741503	2962923040	sensasse
members_of_congress	MS11741503	1480852568	bensasse
members_of_congress	MS11741502	2856787757	senjoniernst
members_of_congress	MS11741502	1383059977	joniernst
members_of_congress	MS11741500	2891210047	sendansullivan
members_of_congress	MS11741308	15808765	corybooker
members_of_congress	MS11741308	2167097881	senbooker
members_of_congress	MS11741305	172858784	timkaine
members_of_congress	MS11741304	1074480192	sentedcruz
members_of_congress	MS11741304	23022687	tedcruz
members_of_congress	MS11741302	1071402577	senatorfischer
members_of_congress	MS11741301	357606935	ewarren
members_of_congress	MS11741301	970207298	senwarren
members_of_congress	MS11741300	1068481578	senangusking
members_of_congress	MS11741112	1262099252	senbrianschatz
members_of_congress	MS11741112	47747074	brianschatz
members_of_congress	MS11741111	142332083	ronjohnsonwi
members_of_congress	MS11741111	233737858	senronjohnson
members_of_congress	MS11741110	88784440	senmikelee
members_of_congress	MS11741107	382791093	senjohnhoeven
members_of_congress	MS11741104	216881337	randpaul
members_of_congress	MS11741102	15745368	marcorubio
members_of_congress	MS11741101	278124059	senblumenthal
members_of_congress	MS11740916	15324851	chriscoons
members_of_congress	MS11740915	234374703	sen_joemanchin
members_of_congress	MS11740910	45645232	michaelbennet
members_of_congress	MS11740910	224285242	senatorbennet
members_of_congress	MS11740909	7429102	markwarner
members_of_congress	MS11740908	29201047	senjeffmerkley
members_of_congress	MS11740908	223166587	jeffmerkley
members_of_congress	MS11740906	109287731	senatorshaheen
members_of_congress	MS11740902	1096059529	senatorrisch
members_of_congress	MS11740707	202206694	senjohnbarrasso
members_of_congress	MS11740704	242555999	senwhitehouse
members_of_congress	MS11740703	171598736	senbobcasey
members_of_congress	MS11740702	515822213	senatortester
members_of_congress	MS11740700	33537967	amyklobuchar
members_of_congress	MS11740700	22044727	senamyklobuchar
members_of_congress	MS11740305	13218102	johncornyn
members_of_congress	MS11740300	18061669	lisamurkowski
members_of_congress	MS11739310	117501995	senatorcantwell
members_of_congress	MH11739307	161791703	bobbyscott
members_of_congress	MH11739305	168502762	repebj
members_of_congress	MH11739301	188019606	whipclyburn
members_of_congress	MH11731103	1155335864	repdonaldpayne
members_of_congress	MH11731102	975200486	repthomasmassie
members_of_congress	MH11731101	995193054	repdelbene
members_of_congress	MS11729940	87510313	tammybaldwin
members_of_congress	MS11729940	1074518754	senatorbaldwin
members_of_congress	MS11729935	221162525	sentoomey
members_of_congress	MH11729911	24195214	janschakowsky
members_of_congress	MH11729910	76132891	congmikesimpson
members_of_congress	MH11729908	50452197	repjohnlarson
members_of_congress	MH11729903	161411080	gracenapolitano
members_of_congress	MH11729901	303861808	repthompson
members_of_congress	MH11729778	248735463	repbarbaralee
members_of_congress	MH11729776	22812754	repgregorymeeks
members_of_congress	MH11729769	112740986	repronkind
members_of_congress	MH11729768	58928690	repadamsmith
members_of_congress	MH11729762	161743731	repkaygranger
members_of_congress	MH11729760	19926675	repkevinbrady
members_of_congress	MH11729759	24735461	petesessions
members_of_congress	MS11729754	296361085	senjohnthune
members_of_congress	MH11729741	74508260	billpascrell
members_of_congress	MS11729735	21269970	royblunt
members_of_congress	MS11729732	20113797	stabenow
members_of_congress	MS11729732	76456274	senstabenow
members_of_congress	MH11729729	242426145	repmcgovern
members_of_congress	MS11729722	18632666	jerrymoran
members_of_congress	MH11729717	789244177	repdannydavis
members_of_congress	MH11729710	28599820	repdianadegette
members_of_congress	MH11729707	30216513	bradsherman
members_of_congress	MH11729701	76452765	robert_aderholt
members_of_congress	MH11729588	15954997	repblumenauer
members_of_congress	MH11729573	80612021	jacksonleetx18
members_of_congress	MH11729571	153944899	replloyddoggett
members_of_congress	MS11729566	432895323	lindseygrahamsc
members_of_congress	MS11729566	14845376	grahamblog
members_of_congress	MH11729561	39249305	usrepmikedoyle
members_of_congress	MH11729550	237750442	repstevechabot
members_of_congress	MS11729548	21157904	senatorburr
members_of_congress	MS11729534	264219447	senatorwicker
members_of_congress	MH11729504	267938462	repzoelofgren
members_of_congress	MH11729393	242772524	repfranklucas
members_of_congress	MS11729389	24768753	sherrodbrown
members_of_congress	MS11729389	43910797	sensherrodbrown
members_of_congress	MS11729386	18915145	senrobportman
members_of_congress	MH11729379	258900199	repmaloney
members_of_congress	MH11729379	119250381	carolynbmaloney
members_of_congress	MH11729378	164369297	nydiavelazquez
members_of_congress	MH11729377	40302336	repjerrynadler
members_of_congress	MS11729373	18695134	senatormenendez
members_of_congress	MH11729368	82453460	benniegthompson
members_of_congress	MH11729346	305216911	repbobbyrush
members_of_congress	MS11729345	600463589	mikecrapo
members_of_congress	MH11729339	249410485	sanfordbishop
members_of_congress	MH11729323	22545491	kencalvert
members_of_congress	MH11729317	479872233	reproybalallard
members_of_congress	MH11729312	249348006	repannaeshoo
members_of_congress	MS11729147	29442313	sensanders
members_of_congress	MS11729147	216776631	berniesanders
members_of_congress	MS11729142	486694111	senjackreed
members_of_congress	MH11729109	140519774	rosadelauro
members_of_congress	MH11729106	36686040	repmaxinewaters
members_of_congress	MH11722156	36424664	nikemawilliams
members_of_congress	MH11722156	1345461797361504259	repnikema
members_of_congress	MH11722155	489856457	bethvanduyne
members_of_congress	MH11722155	1339633259349745670	repbethvanduyne
members_of_congress	MH11722154	1247612029	ritchietorres
members_of_congress	MH11722154	1276403757224546304	repritchie
members_of_congress	MH11722153	1343646545955213312	repstricklandwa
members_of_congress	MH11722153	1206654366758785024	stricklandforwa
members_of_congress	MH11722152	1122934522134315009	michellesteelca
members_of_congress	MH11722152	1343740146630451200	repsteel
members_of_congress	MH11722151	1205364420	victoria_spartz
members_of_congress	MH11722151	1344845201479663621	repspartz
members_of_congress	MH11722150	40282700	maelvirasalazar
members_of_congress	MH11722150	1325928411689349120	repmariasalazar
members_of_congress	MH11722149	3806081652	deborahrossnc
members_of_congress	MH11722149	1348683154815655940	repdeborahross
members_of_congress	MH11722148	1344751420139040783	reprosendale
members_of_congress	MH11722147	1021216905795899392	augustpfluger
members_of_congress	MH11722147	1341120751399809026	reppfluger
members_of_congress	MH11722146	779104195	burgessowens
members_of_congress	MH11722146	1344481217685692416	repburgessowens
members_of_congress	MH11722145	272482466	jayobernolte
members_of_congress	MH11722145	1291597452357771264	teamobernolte
members_of_congress	MH11722144	1343578440977494018	repmarienewman
members_of_congress	MH11722143	3299995136	sherifftnehls
members_of_congress	MH11722143	1347318288850825217	reptroynehls
members_of_congress	MH11722142	1346205046036377601	repmrvan
members_of_congress	MH11722141	1337452596093587462	repblakemoore
members_of_congress	MH11722140	1339006078688825344	repbarrymoore
members_of_congress	MH11722139	1345807954604412929	repmmm
members_of_congress	MH11722139	18131106	millermeeks
members_of_congress	MH11722138	1343656635907125250	repmarymiller
members_of_congress	MH11722137	1334164871420796928	repmeijer
members_of_congress	MH11722136	1344032292432437248	replisamcclain
members_of_congress	MH11722135	936626346553413633	kathymanningnc
members_of_congress	MH11722135	1337115670161608712	repkmanning
members_of_congress	MH11722134	1345825008887721986	repmann
members_of_congress	MH11722133	757862089	nmalliotakis
members_of_congress	MH11722133	1344750588026900481	repmalliotakis
members_of_congress	MH11722132	914815520842616834	nancymace
members_of_congress	MH11722132	1343597700542038017	repnancymace
members_of_congress	MH11722131	1345147845926670337	repteresalf
members_of_congress	MH11722131	1128147829606600706	teresafornm
members_of_congress	MH11722130	1082329240681492481	jakelaturner
members_of_congress	MH11722130	1345850704800468993	replaturner
members_of_congress	MH11722129	2355919591	youngkimca
members_of_congress	MH11722129	1344677401465397249	repyoungkim
members_of_congress	MH11722128	4863545294	kaikahele
members_of_congress	MH11722127	1345883634046279681	repmondaire
members_of_congress	MH11722127	872143958847045632	mondairejones
members_of_congress	MH11722126	1345103905869455361	repsarajacobs
members_of_congress	MH11722126	1656913327	sarajacobsca
members_of_congress	MH11722125	1201953403099893760	ronnyjacksontx
members_of_congress	MH11722125	1341903465610686464	repronnyjackson
members_of_congress	MH11722124	18189966	hinsonashley
members_of_congress	MH11722124	1340783304304410625	repashleyhinson
members_of_congress	MH11722123	898787903609765890	yvette4congress
members_of_congress	MH11722123	1344416719260016641	repherrell
members_of_congress	MH11722122	1345787285179162624	repharshbarger
members_of_congress	MH11722122	1237911282440982528	dharshbargertn1
members_of_congress	MH11722121	1344356576786866176	repmtg
members_of_congress	MH11722120	1345536897838436353	repbobgood
members_of_congress	MH11722120	1191470062340845568	goodforcongress
members_of_congress	MH11722119	1124044084669288450	tonygonzales4tx
members_of_congress	MH11722119	1343627416120532992	reptonygonzales
members_of_congress	MH11722118	1343679195034103808	repcarlos
members_of_congress	MH11722117	1344349650447433729	repgarbarino
members_of_congress	MH11722116	1343664721384398849	repfranklin
members_of_congress	MH11722115	1169399788539928576	fitzgeraldforwi
members_of_congress	MH11722114	1344375287484723205	repfischbach
members_of_congress	MH11722114	1159929043816460288	fischbachmn7
members_of_congress	MH11722113	1345135363761852416	repfeenstra
members_of_congress	MH11722113	23764160	randyfeenstra
members_of_congress	MH11722112	1343258042704527362	reppatfallon
members_of_congress	MH11722112	256157258	fallonfortexas
members_of_congress	MH11722111	96015533	byrondonalds
members_of_congress	MH11722109	1344007696555663360	repcawthorn
members_of_congress	MH11722109	1207874097251639296	cawthornfornc
members_of_congress	MH11722108	2237925464	carlforalabama
members_of_congress	MH11722108	1341091420439015424	repjerrycarl
members_of_congress	MH11722107	1214912699311837184	kat_cammack
members_of_congress	MH11722107	1344325638983987201	repkatcammack
members_of_congress	MH11722106	1002630999052865536	repcori
members_of_congress	MH11722106	4696552878	coribush
members_of_congress	MH11722105	1138076821533155328	jamaalbowmanny
members_of_congress	MH11722105	1344389506963808264	repbowman
members_of_congress	MH11722104	1343620645452595200	repbourdeaux
members_of_congress	MH11722104	881222783170228224	carolyn4ga7
members_of_congress	MH11722103	1201670995435646976	laurenboebert
members_of_congress	MH11722103	1342989756611907584	repboebert
members_of_congress	MH11722102	32289500	stephaniebice
members_of_congress	MH11722102	1344260196227555334	repbice
members_of_congress	MH11722101	1216104257989963776	cliffbentz
members_of_congress	MH11722101	1345788865911656454	repbentz
members_of_congress	MH11722100	4870048156	jakeauch
members_of_congress	MH11722100	1330278736554582016	repauchincloss
members_of_congress	MH11721990	1276232539510919168	repjacobs
members_of_congress	MH11721989	1267841066335682562	reptiffany
members_of_congress	MH11721988	1262531473057423361	repmikegarcia
members_of_congress	MH11721988	1114694580232904704	electmikegarcia
members_of_congress	MH11721987	1173978070535024642	repgregmurphy
members_of_congress	MH11721986	1912799826	jdanbishop
members_of_congress	MH11721985	1136060761422405633	repfredkeller
members_of_congress	MH11721984	1080854935535800320	repronwright
members_of_congress	MH11721983	1017819745880543238	repwexton
members_of_congress	MH11721983	2212905492	jenniferwexton
members_of_congress	MH11721979	1080539438508400642	repunderwood
members_of_congress	MH11721979	872156132688711681	laurenunderwood
members_of_congress	MH11721978	1080573351914061825	repdavidtrone
members_of_congress	MH11721977	1079802482640019456	reploritrahan
members_of_congress	MH11721975	1079769536730140672	reprashida
members_of_congress	MH11721975	435331179	rashidatlaib
members_of_congress	MH11721974	1079770852302958592	reptimmons
members_of_congress	MH11721973	1075040139351597056	repvantaylor
members_of_congress	MH11721972	1076161611033968640	rephaleystevens
members_of_congress	MH11721972	391445643	haleylive
members_of_congress	MH11721971	1083125649609506816	repgregsteube
members_of_congress	MH11721970	1075205691621720064	repbryansteil
members_of_congress	MH11721969	1075830599007510535	reppetestauber
members_of_congress	MH11721968	1080885078425784320	repgregstanton
members_of_congress	MH11721966	1078771401497161728	repspanberger
members_of_congress	MH11721966	882958562296819714	spanbergerva07
members_of_congress	MH11721965	1078401427347857408	repslotkin
members_of_congress	MH11721964	1080569698536878081	repsherrill
members_of_congress	MH11721962	1080462532815532032	repkimschrier
members_of_congress	MH11721961	1082790600292925440	repchiproy
members_of_congress	MH11721961	1257667158	chiproytx
members_of_congress	MH11721959	1081312310059253763	repjohnrose
members_of_congress	MH11721956	4205133682	greschenthaler
members_of_congress	MH11721955	1080584229510172678	reppressley
members_of_congress	MH11721955	31013444	ayannapressley
members_of_congress	MH11721954	1081222837459996672	repkatieporter
members_of_congress	MH11721954	617266600	katieporteroc
members_of_congress	MH11721953	1061310112013434882	repdeanphillips
members_of_congress	MH11721952	1082369392229400576	repgregpence
members_of_congress	MH11721951	1067748650485497862	repchrispappas
members_of_congress	MH11721951	574799823	chrispappasnh
members_of_congress	MH11721950	1082334352711790593	ilhan
members_of_congress	MH11721950	783792992	ilhanmn
members_of_congress	MH11721949	1079104563280527364	repaoc
members_of_congress	MH11721949	138203134	aoc
members_of_congress	MH11721948	1078749802765139968	repjoeneguse
members_of_congress	MH11721948	1542372750	joeneguse
members_of_congress	MH11721946	1081318716573470720	repcarolmiller
members_of_congress	MH11721945	1080574793630527505	repmeuser
members_of_congress	MH11721944	1082380458976051202	replucymcbath
members_of_congress	MH11721942	1080898026418384897	repmalinowski
members_of_congress	MH11721942	811239440916054016	malinowski
members_of_congress	MH11721941	1080292515939565568	repelaineluria
members_of_congress	MH11721940	1080277407867772930	repandylevin
members_of_congress	MH11721939	1072134139560620033	repmikelevin
members_of_congress	MH11721939	14573926	mikelevin
members_of_congress	MH11721938	1079061579973439488	repsusielee
members_of_congress	MH11721937	1078771848882593793	repandykimnj
members_of_congress	MH11721936	1082311988926124036	repjohnjoyce
members_of_congress	MH11721935	1074782372594413569	repdustyjohnson
members_of_congress	MH11721934	1052896620797460481	rephoulahan
members_of_congress	MH11721931	1082086081238102018	repjahanahayes
members_of_congress	MH11721930	1080851152151953410	repjoshharder
members_of_congress	MH11721929	1083474782602125318	rephagedorn
members_of_congress	MH11721928	286476728	debhaalandnm
members_of_congress	MH11721928	1080695666760929280	repdebhaaland
members_of_congress	MH11721927	1081243468327018496	repmichaelguest
members_of_congress	MH11721926	1080477288955826176	repmarkgreen
members_of_congress	MH11721925	1029094268542099457	lancegooden
members_of_congress	MH11721924	1054381765224210432	repagonzalez
members_of_congress	MH11721923	1080891667308298240	repgolden
members_of_congress	MH11721922	1080587263132733442	repsylviagarcia
members_of_congress	MH11721921	1082427779583541248	repchuygarcia
members_of_congress	MH11721920	1078741899572240384	reprussfulcher
members_of_congress	MH11721919	1075904377221722113	repfletcher
members_of_congress	MH11721917	1075517806551154689	repescobar
members_of_congress	MH11721917	38960144	vgescobar
members_of_congress	MH11721916	1080485692298444800	repdelgado
members_of_congress	MH11721916	829061809135030272	delgadoforny19
members_of_congress	MH11721915	567508925	repdean
members_of_congress	MH11721914	1080516116395499522	repdavids
members_of_congress	MH11721912	1080191866509901826	repjasoncrow
members_of_congress	MH11721911	1080894931311431682	repdancrenshaw
members_of_congress	MH11721911	930552552302792705	dancrenshawtx
members_of_congress	MH11721910	1080222360643485698	repangiecraig
members_of_congress	MH11721908	1072158357237174272	repbencline
members_of_congress	MH11721906	1083472286089396224	repcasten
members_of_congress	MH11721906	66804351	seancasten
members_of_congress	MH11721905	1028854804087492613	reptimburchett
members_of_congress	MH11721905	353890966	timburchett
members_of_congress	MH11721903	1086316494450032640	repjimbaird
members_of_congress	MH11721902	1080865917377097728	repcindyaxne
members_of_congress	MH11721901	1080515866255593472	reparmstrongnd
members_of_congress	MH11721900	1078355119920562176	repcolinallred
members_of_congress	MH11721763	1069636653353000962	repsusanwild
members_of_congress	MH11721762	1067541214671577093	repmgs
members_of_congress	MH11721762	961312723035394048	marygayscanlon
members_of_congress	MH11721761	1064595993222615040	repjoemorelle
members_of_congress	MH11721760	1067818539179024386	repkevinhern
members_of_congress	MH11721759	1037341536592310272	repbalderson
members_of_congress	MH11721758	1039879658400112640	repcloudtx
members_of_congress	MH11721757	996094929733652481	repdlesko
members_of_congress	MH11721757	34715823	debbielesko
members_of_congress	MH11721756	984456621417000960	repconorlamb
members_of_congress	MH11721755	931614483050414080	repjohncurtis
members_of_congress	MH11721754	2371339658	repjimmygomez
members_of_congress	MH11721754	398193180	jimmygomezca
members_of_congress	MH11721753	880480631108644864	repralphnorman
members_of_congress	MH11721750	854715071116849157	repronestes
members_of_congress	MH11721747	816705409486618624	reptomsuozzi
members_of_congress	MH11721746	818713465653051392	repdarrensoto
members_of_congress	MH11721745	41417564	repsmucker
members_of_congress	MH11721744	828977216595849216	reprutherfordfl
members_of_congress	MS11721743	818554054309715969	senjackyrosen
members_of_congress	MH11721741	806906355214852096	repraskin
members_of_congress	MH11721740	796736612554117120	repjimmypanetta
members_of_congress	MH11721739	808416682972770304	repohalleran
members_of_congress	MH11721738	796183515998068736	repstephmurphy
members_of_congress	MH11721736	816181091673448448	repmceachin
members_of_congress	MH11721735	814103950404239360	repbrianmast
members_of_congress	MS11721734	1240107944	rogermarshallmd
members_of_congress	MH11721732	818472418620608512	repallawsonjr
members_of_congress	MH11721731	816012124505931780	repdavidkustoff
members_of_congress	MH11721730	814179031956488192	congressmanraja
members_of_congress	MH11721728	816298918468259841	reprokhanna
members_of_congress	MH11721728	771152516	rokhanna
members_of_congress	MH11721727	827279765287559171	repmikejohnson
members_of_congress	MH11721726	815733290955112448	repjayapal
members_of_congress	MH11721726	193441812	pramilajayapal
members_of_congress	MH11721725	811986281177772032	reptrey
members_of_congress	MH11721724	843636970538618880	repclayhiggins
members_of_congress	MH11721723	815310506596691968	repjoshg
members_of_congress	MH11721722	818536152588238849	repgonzalez
members_of_congress	MH11721720	815966620300480514	repgallagher
members_of_congress	MH11721719	818948638890217473	repmattgaetz
members_of_congress	MH11721719	58579942	mattgaetz
members_of_congress	MH11721718	816303263586914304	repbrianfitz
members_of_congress	MH11721717	806583915012046854	repdrewferguson
members_of_congress	MH11721715	817076257770835968	repespaillat
members_of_congress	MH11721714	815952318487298048	drnealdunnfl2
members_of_congress	MH11721713	798973032362606600	repvaldemings
members_of_congress	MH11721712	816030424778543104	repcharliecrist
members_of_congress	MH11721711	815985039485837312	reploucorrea
members_of_congress	MH11721710	816719802328715264	replizcheney
members_of_congress	MH11721709	816157667882373120	repcarbajal
members_of_congress	MH11721708	817138492614524928	reptedbudd
members_of_congress	MH11721707	823552974253342721	repanthonybrown
members_of_congress	MH11721706	817050219007328258	replbr
members_of_congress	MH11721705	816652616625168388	repandybiggsaz
members_of_congress	MH11721704	815241612154417152	repjackbergman
members_of_congress	MH11721704	751799352755052544	jackbergman_mi1
members_of_congress	MH11721703	816833925456789505	repbarragan
members_of_congress	MH11721702	816131319033950208	repjimbanks
members_of_congress	MH11721702	14836282	jim_banks
members_of_congress	MH11721701	818975124460335106	repdonbacon
members_of_congress	MH11721700	816284664658874368	reparrington
members_of_congress	MH11721566	90639372	repdwightevans
members_of_congress	MH11721565	838462994	jamescomer
members_of_congress	MH11721565	1274852794206388225	repjamescomer
members_of_congress	MH11721564	742735530287304704	warrendavidson
members_of_congress	MH11721563	2852998461	repwesterman
members_of_congress	MH11721562	3686482216	replahood
members_of_congress	MH11721561	3317799825	reptrentkelly
members_of_congress	MH11721559	2976606250	repgrothman
members_of_congress	MH11721557	2964526557	repalexmooney
members_of_congress	MH11721556	2930635215	repnewhouse
members_of_congress	MH11721554	2962868158	repdonbeyer
members_of_congress	MH11721551	2929491549	repbrianbabin
members_of_congress	MH11721548	4304448314	congboyle
members_of_congress	MH11721548	3018670151	reppeteaguilar
members_of_congress	MH11721548	231108733	repbrendanboyle
members_of_congress	MH11721545	2916086925	repadams
members_of_congress	MH11721544	834069080	repdavidrouzer
members_of_congress	MH11721542	2966765501	repjohnkatko
members_of_congress	MH11721541	2962813893	repstefanik
members_of_congress	MH11721541	109579534	elisestefanik
members_of_congress	MH11721540	2970462034	repkathleenrice
members_of_congress	MH11721539	2750127259	repleezeldin
members_of_congress	MH11721538	2968451607	repbonnie
members_of_congress	MH11721536	3122099613	donaldnorcross
members_of_congress	MH11721531	2914515430	reptomemmer
members_of_congress	MH11721530	2863006655	replawrence
members_of_congress	MH11721529	2970279814	repdebdingell
members_of_congress	MH11721526	2696643955	repmoolenaar
members_of_congress	MH11721525	248495200	sethmoulton
members_of_congress	MH11721523	2951574214	repgarretgraves
members_of_congress	MH11721519	2964877294	repbost
members_of_congress	MH11721516	2964287128	reprickallen
members_of_congress	MH11721515	2914163523	reploudermilk
members_of_congress	MH11721514	2975091705	congressmanhice
members_of_congress	MH11721513	2973870195	repbuddycarter
members_of_congress	MH11721510	2862577383	repkenbuck
members_of_congress	MH11721508	236279233	normajtorres
members_of_congress	MH11721507	3044993235	reptedlieu
members_of_congress	MH11721507	21059255	tedlieu
members_of_congress	MH11721506	41533245	aguilarpete
members_of_congress	MH11721504	2968007206	repdesaulnier
members_of_congress	MH11721503	2953974395	repfrenchhill
members_of_congress	MH11721502	2966570782	reprubengallego
members_of_congress	MH11721502	49217025	rubengallego
members_of_congress	MH11721500	2861616083	usrepgarypalmer
members_of_congress	MH11721375	2293131060	repkclark
members_of_congress	MH11721373	1623308912	repjasonsmith
members_of_congress	MH11721373	26653478	jasonsmithmo
members_of_congress	MH11721372	1045110018	repdankildee
members_of_congress	MH11721371	1339931490	reprobinkelly
members_of_congress	MH11721371	38285038	robinlynnekelly
members_of_congress	MH11721370	1206227149	repmarkpocan
members_of_congress	MH11721370	309070309	markpocan
members_of_congress	MH11721368	1058917562	repderekkilmer
members_of_congress	MH11721367	1072008757	repchrisstewart
members_of_congress	MH11721366	1083448909	repfilemonvela
members_of_congress	MH11721365	1074129612	repveasey
members_of_congress	MH11721364	1077446982	reprwilliams
members_of_congress	MH11721362	231510077	joaquincastrotx
members_of_congress	MH11721360	1058051748	txrandy14
members_of_congress	MH11721359	1058345042	reptomrice
members_of_congress	MH11721358	776664410	repcartwright
members_of_congress	MH11721356	18773159	repscottperry
members_of_congress	MH11721355	1060370282	repmullin
members_of_congress	MH11721353	976969338	repdavejoyce
members_of_congress	MH11721352	1531521632	repbeatty
members_of_congress	MH11721351	518644221	repbradwenstrup
members_of_congress	MS11721350	28267055	kevincramer
members_of_congress	MS11721350	1048784496	senkevincramer
members_of_congress	MH11721346	935033864	reprichhudson
members_of_congress	MH11721344	1072467470	repseanmaloney
members_of_congress	MH11721343	467823431	repjeffries
members_of_congress	MH11721342	1051127714	repgracemeng
members_of_congress	MH11721342	571214272	grace4ny
members_of_congress	MH11721340	1058717720	repanniekuster
members_of_congress	MH11721339	389840566	rephorsford
members_of_congress	MS11721338	11651202	stevedaines
members_of_congress	MH11721337	1051446626	repannwagner
members_of_congress	MH11721333	1089334250	repandybarr
members_of_congress	MH11721330	1065995022	repwalorski
members_of_congress	MH11721329	1092979962	repcheri
members_of_congress	MH11721329	257180565	cheribustos
members_of_congress	MH11721328	993153006	rodneydavis
members_of_congress	MH11721326	1071840474	repschneider
members_of_congress	MS11721325	1058520120	senduckworth
members_of_congress	MH11721321	1077121945	reploisfrankel
members_of_congress	MH11721315	1135486501	repscottpeters
members_of_congress	MH11721315	292594517	scottpeterssd
members_of_congress	MH11721314	1260172386	repjuanvargas
members_of_congress	MH11721313	1055730738	replowenthal
members_of_congress	MH11721312	1037321378	repmarktakano
members_of_congress	MH11721311	1089859058	repraulruizmd
members_of_congress	MH11721309	1222257180	repcardenas
members_of_congress	MH11721308	1243902714	repbrownley
members_of_congress	MH11721307	1128514404	repdavidvaladao
members_of_congress	MH11721307	36676406	dgvaladao
members_of_congress	MH11721306	942156122	repswalwell
members_of_congress	MH11721306	377609596	ericswalwell
members_of_congress	MH11721304	950783972	repbera
members_of_congress	MH11721303	1071102246	rephuffman
members_of_congress	MH11721303	334894942	jaredhuffman
members_of_congress	MH11721302	1069124515	replamalfa
members_of_congress	MS11721301	968650362	sentomcotton
members_of_congress	MS11721301	343041182	tomcottonar
members_of_congress	MS11721300	1080844782	senatorsinema
members_of_congress	MS11721300	20747881	kyrstensinema
members_of_congress	MH11721198	558769636	repbonamici
members_of_congress	MH11721196	402719755	markamodeinv2
members_of_congress	MH11721193	237299871	repmobrooks
members_of_congress	MH11721191	234057152	repmgriffith
members_of_congress	MH11721188	240427862	repmckinley
members_of_congress	MH11721187	242926427	herrerabeutler
members_of_congress	MH11721179	235312723	desjarlaistn04
members_of_congress	MH11721178	235190657	repchuck
members_of_congress	MH11721174	240393970	repjeffduncan
members_of_congress	MS11721173	217543151	senatortimscott
members_of_congress	MH11721172	23593446	davidcicilline
members_of_congress	MH11721167	935368364	mikekellypa
members_of_congress	MS11721166	27044466	jameslankford
members_of_congress	MS11721166	225921757	senatorlankford
members_of_congress	MH11721165	234822928	repbobgibbs
members_of_congress	MH11721163	211420609	repstevestivers
members_of_congress	MH11721162	211530910	repbilljohnson
members_of_congress	MH11721150	1444015610	usreplong
members_of_congress	MH11721150	21572351	auctnr1
members_of_congress	MH11721149	237763317	rephartzler
members_of_congress	MH11721148	299883942	congpalazzo
members_of_congress	MH11721142	233949261	rephuizenga
members_of_congress	MH11721140	232992031	usrepkeating
members_of_congress	MH11721139	960962340	repandyharrismd
members_of_congress	MH11721137	267854863	reprichmond
members_of_congress	MS11721133	59969802	toddyoungin
members_of_congress	MS11721133	234128524	sentoddyoung
members_of_congress	MH11721132	234812598	replarrybucshon
members_of_congress	MH11721128	219429281	repkinzinger
members_of_congress	MH11721123	234797704	austinscottga08
members_of_congress	MH11721118	234014087	repwilson
members_of_congress	MH11721116	281540744	repwebster
members_of_congress	MH11721110	239949176	repkarenbass
members_of_congress	MH11721108	234469322	rep_stevewomack
members_of_congress	MH11721106	233693291	reprickcrawford
members_of_congress	MH11721105	229197216	repdavid
members_of_congress	MH11721103	240760644	repgosar
members_of_congress	MH11721103	872148729184362497	drpaulgosar
members_of_congress	MH11721102	381152398	repterrisewell
members_of_congress	MH11720959	137794015	repteddeutch
members_of_congress	MH11720959	65541270	teddeutch
members_of_congress	MH11720958	88806753	repgaramendi
members_of_congress	MH11720955	193732179	repjudychu
members_of_congress	MH11720954	56864092	repmikequigley
members_of_congress	MS11720953	1136711154435207168	cynthiamlummis
members_of_congress	MS11720953	22831059	senlummis
members_of_congress	MH11720952	78445977	gerryconnolly
members_of_congress	MH11720946	18967498	congressmangt
members_of_congress	MH11720944	20545793	repschrader
members_of_congress	MH11720941	153486399	repmarciafudge
members_of_congress	MH11720934	84119348	reppaultonko
members_of_congress	MS11720932	19318314	senatorlujan
members_of_congress	MS11720932	91125308	benraylujan
members_of_congress	MS11720930	1099199839	martinheinrich
members_of_congress	MH11720927	122174004	repdinatitus
members_of_congress	MH11720927	17907578	dinatitus
members_of_congress	MH11720926	1849261916	repblaine
members_of_congress	MS11720923	145292853	garypeters
members_of_congress	MS11720923	236511574	sengarypeters
members_of_congress	MH11720920	14984637	chelliepingree
members_of_congress	MS11720919	1017500185356853248	senbillcassidy
members_of_congress	MS11720919	55677432	billcassidy
members_of_congress	MH11720916	1908143071	repguthrie
members_of_congress	MH11720909	25086658	congbillposey
members_of_congress	MH11720907	31611298	jahimes
members_of_congress	MH11720903	50152441	repmcclintock
members_of_congress	MH11720902	1081240074946252801	repkirkpatrick
members_of_congress	MH11720762	24913074	repspeier
members_of_congress	MH11720759	1209417007	stevescalise
members_of_congress	MH11720758	26051676	repgusbilirakis
members_of_congress	MH11720757	199325935	repandrecarson
members_of_congress	MH11720756	15356407	robwittman
members_of_congress	MH11720755	15394954	boblatta
members_of_congress	MH11720750	1410590874	peterwelch
members_of_congress	MH11720749	1080509366	repbillfoster
members_of_congress	MH11720748	162069635	repcohen
members_of_congress	MH11720738	18166778	jim_jordan
members_of_congress	MS11720735	899978622416695297	gillibrandny
members_of_congress	MS11720735	72198806	sengillibrand
members_of_congress	MH11720733	240812994	repyvetteclarke
members_of_congress	MH11720729	296245061	repadriansmith
members_of_congress	MH11720725	237862972	repwalberg
members_of_congress	MH11720724	364415553	repsarbanes
members_of_congress	MH11720723	384913290	repjohnyarmuth
members_of_congress	MS11720713	92186819	maziehirono
members_of_congress	MH11720712	24745957	rephankjohnson
members_of_congress	MH11720709	20467163	vernbuchanan
members_of_congress	MH11720708	1880674038	usrepkcastor
members_of_congress	MS11720707	150078976	chrismurphyct
members_of_congress	MH11720706	85396297	repjoecourtney
members_of_congress	MH11720705	20552026	repperlmutter
members_of_congress	MH11720704	584012853	repdlamborn
members_of_congress	MH11720703	19739126	gopleader
members_of_congress	MH11720702	385429543	repmcnerney
members_of_congress	MH11720542	18696134	repsires
members_of_congress	MH11720538	38254095	dorismatsui
members_of_congress	MH11720537	22669526	repgwenmoore
members_of_congress	MH11720535	17976923	cathymcmorris
members_of_congress	MH11720533	210926192	repcuellar
members_of_congress	MH11720530	26424123	repmccaul
members_of_congress	MH11720529	156333623	repalgreen
members_of_congress	MH11720527	22055226	replouiegohmert
members_of_congress	MH11720522	27676828	patrickmchenry
members_of_congress	MH11720521	16256269	virginiafoxx
members_of_congress	MH11720519	33576489	repbrianhiggins
members_of_congress	MH11720518	18805303	jefffortenberry
members_of_congress	MH11720517	163570705	repcleaver
members_of_congress	MH11720504	1140648348	repdwstweets
members_of_congress	MH11720504	115979444	dwstweets
members_of_congress	MH11720501	245451804	repjimcosta
members_of_congress	MH11720356	18030431	judgecarter
members_of_congress	MH11720355	15751083	michaelcburgess
members_of_congress	MS11720351	278145569	marshablackburn
members_of_congress	MH11720344	23124635	tomcoleok04
members_of_congress	MH11720343	13491312	reptimryan
members_of_congress	MH11720343	466532637	timryan
members_of_congress	MH11720342	51228911	repmiketurner
members_of_congress	MH11720340	432676344	gkbutterfield
members_of_congress	MS11720330	18137749	chrisvanhollen
members_of_congress	MH11720329	305620929	call_me_dutch
members_of_congress	MH11720322	1081350574589833221	repedcase
members_of_congress	MH11720321	168673083	repdavidscott
members_of_congress	MH11720316	37094727	mariodb
members_of_congress	MH11720310	312134473	replindasanchez
members_of_congress	MH11720307	344972339	repdevinnunes
members_of_congress	MH11720307	54412900	devinnunes
members_of_congress	MH11720305	28602948	repraulgrijalva
members_of_congress	MH11720301	33977070	repmikerogersal
members_of_congress	MS11720146	193794406	sencapito
members_of_congress	MH11720145	404132211	repricklarsen
members_of_congress	MH11720138	254082173	repjoewilson
members_of_congress	MH11720136	18909919	jimlangevin
members_of_congress	MH11720124	29766367	repsamgraves
members_of_congress	MH11720122	516880804	bettymccollum04
members_of_congress	MH11720119	310310133	repstephenlynch
members_of_congress	MH11720107	22509548	darrellissa
members_of_congress	MH11720107	63650107	repdarrellissa
members_of_congress	MH11720104	29501253	repadamschiff
members_of_congress	MS11720101	5558312	johnboozman
members_of_congress	MH11715616	442824717	reprichardneal
members_of_congress	MH11715454	31801993	frankpallone
members_of_congress	MH11715448	15764644	speakerpelosi
members_of_congress	MH11715446	124224165	repfredupton
members_of_congress	MH11715438	155669457	repdavideprice
members_of_congress	MH11715433	1276209702322438148	repkweisimfume
members_of_congress	MH11715433	1191327658124165123	mfume4congress
members_of_congress	MS11715424	7270292	jiminhofe
members_of_congress	MH11715410	252249233	reppeterdefazio
members_of_congress	MS11715408	109071031	senatorcardin
members_of_congress	MH11715029	581141508	repmarcykaptur
members_of_congress	MS11715021	247334603	senatordurbin
members_of_congress	MS11715021	308794407	dickdurbin
members_of_congress	MH11715019	22523087	repjimcooper
members_of_congress	MS11715015	381577682	tomcarperforde
members_of_congress	MS11715015	249787913	senatorcarper
members_of_congress	MH11714873	22012091	leaderhoyer
members_of_congress	MS11714871	250188760	ronwyden
members_of_congress	MS11714858	17494010	senschumer
members_of_congress	MH11714854	550401754	rephalrogers
members_of_congress	MS11714435	1129029661	edmarkey
members_of_congress	MS11714435	21406834	senmarkey
members_of_congress	MS11714307	242836537	senatorleahy
members_of_congress	MS11714226	10615232	chuckgrassley
members_of_congress	MH11714066	37007274	repdonyoung
pundits	meta_1	281877818	Noahpinion
pundits	meta_2	459872442	RadioFreeTom
pundits	meta_3	16106584	stillgray
pundits	meta_4	2396910715	bourgeoisalien
pundits	meta_5	14298769	MollyJongFast
pundits	meta_6	592730371	JackPosobiec
pundits	meta_7	11744152	yashar
pundits	meta_8	784575415457308672	TheRealHoarse
pundits	meta_9	15985111	emptywheel
pundits	meta_10	634734888	ParkerMolloy
pundits	meta_11	15446531	mattyglesias
pundits	meta_12	14372270	mcbyrne
pundits	meta_13	21268897	joshtpm
pundits	meta_14	393469195	redsteeze
pundits	meta_15	15976705	Amy_Siskind
pundits	meta_16	18089606	kurtschlichter
pundits	meta_17	358545917	Cernovich
pundits	meta_18	121489431	CharlesPPierce
pundits	meta_19	1097291030	ConnorSouthard
pundits	meta_20	829715365223682048	BethLynch2020
pundits	meta_21	764187379	RachelBitecofer
pundits	meta_22	100250921	scottlincicome
pundits	meta_23	467726691	CheriJacobus
pundits	meta_24	21733692	WajahatAli
pundits	meta_25	49698134	JoyAnnReid
pundits	meta_26	16523905	robbystarbuck
pundits	meta_27	215207998	kurteichenwald
pundits	meta_28	3223426134	SethAbramson
pundits	meta_29	75797367	dandrezner
pundits	meta_30	48012011	LPDonovan
pundits	meta_31	14529929	jaketapper
pundits	meta_32	386001751	KT_So_It_Goes
pundits	meta_33	22429979	nycsouthpaw
pundits	meta_34	18839937	Popehat
pundits	meta_35	22891564	chrisgeidner
pundits	meta_36	14247236	funder
pundits	meta_37	13524182	daveweigel
pundits	meta_38	913252447	CarlBeijer
pundits	meta_39	16912124	ericgarland
pundits	meta_40	2496925550	Econ_Marshall
pundits	meta_41	373522445	BradMossEsq
pundits	meta_42	1483064670	EmilyGorcenski
pundits	meta_43	161163311	EsotericCD
pundits	meta_44	2853461537	ScottAdamsSays
pundits	meta_45	21612122	HotlineJosh
pundits	meta_46	7864222	ddayen
pundits	meta_47	595245502	chick_in_kiev
pundits	meta_48	3060489838	KevinMKruse
pundits	meta_49	14246055	billscher
pundits	meta_50	16076032	ggreenwald
pundits	meta_51	16244449	jbarro
pundits	meta_52	218975278	JRubinBlogger
pundits	meta_53	2223157392	NormOrnstein
pundits	meta_54	4726207589	ByYourLogic
pundits	meta_55	36517491	leslieleeiii
pundits	meta_56	15146659	JimSwiftDC
pundits	meta_57	288277167	atrupar
pundits	meta_58	47034524	rickhasen
pundits	meta_59	214120461	ryanlcooper
pundits	meta_60	604940737	HeerJeet
pundits	meta_61	454099919	McFaul
pundits	meta_62	130557513	mehdirhasan
pundits	meta_63	884578187392544768	john_sipher
pundits	meta_64	14855994	davidsirota
pundits	meta_65	27995424	johncardillo
pundits	meta_66	16353245	asymmetricinfo
pundits	meta_67	38021361	baseballcrank
pundits	meta_68	18382184	AdamParkhomenko
pundits	meta_69	2417586104	SebGorka
pundits	meta_70	384993861	LizardRumsfeld
pundits	meta_71	125128723	RaheemKassam
pundits	meta_72	150281740	SethAMandel
pundits	meta_73	24889586	AnandWrites
pundits	meta_74	288363743	matthewjdowd
pundits	meta_75	277880167	EoinHiggins_
pundits	meta_76	60783724	ianbremmer
pundits	meta_77	239005322	CalebJHull
pundits	meta_78	47475039	sarahkendzior
pundits	meta_79	43412697	ClaraJeffery
pundits	meta_80	65045121	OwenJones84
pundits	meta_81	71627462	JonahDispatch
pundits	meta_82	479724576	WalkerBragman
pundits	meta_83	471677441	gtconway3d
pundits	meta_84	640893	EWErickson
pundits	meta_85	402888514	djrothkopf
pundits	meta_86	14190948	jbouie
pundits	meta_87	65375759	zeynep
pundits	meta_88	25598396	nhannahjones
pundits	meta_89	142386580	SamAdlerBell
pundits	meta_90	807975026	svdate
pundits	meta_91	15537302	Taniel
pundits	meta_92	830908366377611264	waltshaub
pundits	meta_93	236487888	WalshFreedom
pundits	meta_94	21252618	JakeSherman
pundits	meta_95	874916178	BeschlossDC
pundits	meta_96	14515799	brianstelter
pundits	meta_97	2030711	matthewstoller
pundits	meta_98	327337127	MattBruenig
pundits	meta_99	380268462	steve_vladeck
pundits	meta_100	18194194	feraljokes
pundits	meta_101	34643610	EricBoehlert
pundits	meta_102	950531	pbump
pundits	meta_103	9840002	michaelbd
pundits	meta_104	14834340	jayrosen_nyu
pundits	meta_105	186667011	benjaminwittes
pundits	meta_106	523248016	jsolomonReports
pundits	meta_107	14046504	conor64
pundits	meta_108	362111287	AsteadWesley
pundits	meta_109	52338305	BrandonStraka
pundits	meta_110	15335534	jimgeraghty
pundits	meta_111	110326494	BreeNewsome
pundits	meta_112	232901331	dbongino
pundits	meta_113	168531961	NoahCRothman
pundits	meta_114	40353407	ElieNYC
pundits	meta_115	84653850	BrendanNyhan
pundits	meta_116	1332630685	briebriejoy
pundits	meta_117	92985745	JMilesColeman
pundits	meta_118	16068266	TPCarney
pundits	meta_119	68752979	JordanUhl
pundits	meta_120	15220768	DavidCornDC
pundits	meta_121	753005970318626816	PrettyBadLefty
pundits	meta_122	4207961	chrislhayes
pundits	meta_123	246939630	shannonrwatts
pundits	meta_124	17060573	ComfortablySmug
pundits	meta_125	722528529716383744	ACTBrigitte
pundits	meta_126	135575282	morningmoneyben
pundits	meta_127	15195539	cjane87
pundits	meta_128	3530404094	DavidJHarrisJr
pundits	meta_129	21696279	brianbeutler
pundits	meta_130	10292132	joelpollak
pundits	meta_131	1507338108	Sifill_LDF
pundits	meta_132	738007484946894848	GarbageApe
pundits	meta_133	3344423229	bad_takes
pundits	meta_134	755057897583804416	ProudSocialist
pundits	meta_135	510464011	AshaRangappa_
pundits	meta_136	16250929	politicalwire
pundits	meta_137	18497157	jackallisonLOL
pundits	meta_138	1006272236028915712	BenBurgis
pundits	meta_139	20508720	ThePlumLineGS
pundits	meta_140	1038816795036200960	AntiFashGordon
pundits	meta_141	18464266	peterdaou
pundits	meta_142	548384458	JoyceWhiteVance
pundits	meta_143	22737278	drvox
pundits	meta_144	16006592	BenjySarlin
pundits	meta_145	253586885	nkulw
pundits	meta_146	19211550	gatewaypundit
pundits	meta_147	26548315	soledadobrien
pundits	meta_148	21348880	Timodc
pundits	meta_149	15814350	GrimKim
pundits	meta_150	1471542956	ebruenig
pundits	meta_151	41634520	seanhannity
pundits	meta_152	21313053	LarrySabato
pundits	meta_153	25235151	RitaPanahi
pundits	meta_154	2800581040	BillKristol
pundits	meta_155	19268706	secupp
pundits	meta_156	3099901028	BrandyLJensen
pundits	meta_157	34082620	JesseKellyDC
pundits	meta_158	125375423	SeanTrende
pundits	meta_159	93069110	maggieNYT
pundits	meta_160	8548612	normative
pundits	meta_161	16170253	ryangrim
pundits	meta_162	2786053933	zei_squirrel
pundits	meta_163	15302774	davidharsanyi
pundits	meta_164	1450298610	willmenaker
pundits	meta_165	3932768472	EmeraldRobinson
pundits	meta_166	248429222	eliehonig
pundits	meta_167	101816065	joelockhart
pundits	meta_168	813311743	NumbersMuncher
pundits	meta_169	24127811	mtracey
pundits	meta_170	25202268	SaraCarterDC
pundits	meta_171	1733467884	shoe0nhead
pundits	meta_172	171346034	david_j_roth
pundits	meta_173	14887636	crulge
pundits	meta_174	155784594	TVietor08
pundits	meta_175	1500129642	MattWalshBlog
pundits	meta_176	762389795037294592	TheRightMelissa
pundits	meta_177	114232540	proustmalone
pundits	meta_178	16879936	NomikiKonst
pundits	meta_179	15859912	kthalps
pundits	meta_180	25694156	johniadarola
pundits	meta_181	436925910	AlecMacGillis
pundits	meta_182	1120698997327294464	reedgalen
pundits	meta_183	14413466	RalstonReports
pundits	meta_184	862493306382626816	KyleKashuv
pundits	meta_185	619050616	AyoCaesar
pundits	meta_186	1383272101	ASlavitt
pundits	meta_187	18686907	davidfrum
pundits	meta_188	91882544	DineshDSouza
pundits	meta_189	15464697	JuddLegum
pundits	meta_190	26579715	libbycwatson
pundits	meta_191	863320472641044480	RespectableLaw
pundits	meta_192	95463107	SykesCharlie
pundits	meta_193	25466022	DavidKlion
pundits	meta_194	115564212	IsaacDovere
pundits	meta_195	39279821	brianklaas
pundits	meta_196	18379614	RubinReport
pundits	meta_197	15075999	hughhewitt
pundits	meta_198	119837703	ChuckRossDC
pundits	meta_199	178999981	KassyDillon
pundits	meta_200	2382106993	MollyMcKew
pundits	meta_201	22529203	pblest
pundits	meta_202	931286316	ScottPresler
pundits	meta_203	21722318	willchamberlain
pundits	meta_204	23908154	aedwardslevy
pundits	meta_205	14412533	CillizzaCNN
pundits	meta_206	7702542	DLoesch
pundits	meta_207	16193222	guypbenson
pundits	meta_208	432122791	baseballot
pundits	meta_209	1915033663	davidhogg111
pundits	meta_210	454071012	JillWineBanks
pundits	meta_211	1543986138	stuartpstevens
pundits	meta_212	18000989	robrousseau
pundits	meta_213	825713234	EricLevitz
pundits	meta_214	812135885328236544	RealSaavedra
pundits	meta_215	1003107003693137920	glennkirschner2
pundits	meta_216	243800816	nataliesurely
pundits	meta_217	2863996955	RWPUSA
pundits	meta_218	475957325	DamonLinker
pundits	meta_219	22956220	HeyTammyBruce
pundits	meta_220	26165922	imillhiser
pundits	meta_221	42389136	TheRevAl
pundits	meta_222	55376380	MattGertz
pundits	meta_223	18266688	TomFitton
pundits	meta_224	197496309	FrankLuntz
pundits	meta_225	16378486	AliVelshi
pundits	meta_226	21970248	cushbomb
pundits	meta_227	33805522	sunraysunray
pundits	meta_228	1155167918293995521	allahliker
pundits	meta_229	35039490	MarkDice
pundits	meta_230	2789857374	alexnpress
pundits	meta_231	14844867	amandacarpenter
pundits	meta_232	283258239	LukewSavage
pundits	meta_233	195271137	larryelder
pundits	meta_234	29417304	deray
pundits	meta_235	3075845932	jaynordlinger
pundits	meta_236	1286161147	KatiePhang
pundits	meta_237	148529707	RBReich
pundits	meta_238	14348157	crampell
pundits	meta_239	1634248890	kenklippenstein
pundits	meta_240	4091551984	tribelaw
pundits	meta_241	382685028	SRuhle
pundits	meta_242	398088661	MEPFuller
pundits	meta_243	20178419	cwarzel
pundits	meta_244	17243582	blakehounshell
pundits	meta_245	36618079	drmistercody
pundits	meta_246	235196204	GlennKesslerWP
pundits	meta_247	704391334128394240	conservmillen
pundits	meta_248	19084896	TheRickWilson
pundits	meta_249	325385270	JYSexton
pundits	meta_250	22129280	jimsciutto
pundits	meta_251	2999158160	pixelatedboat
pundits	meta_252	118938550	anastasiakeeley
pundits	meta_253	4119741	jdickerson
pundits	meta_254	153517357	aaronjmate
pundits	meta_255	83374478	saletan
pundits	meta_256	1106501	joanwalsh
pundits	meta_257	19173787	allahpundit
pundits	meta_258	20744708	JasonKander
pundits	meta_259	21728303	keithboykin
pundits	meta_260	20068679	marclamonthill
pundits	meta_261	326756275	hasanthehun
pundits	meta_262	71048726	juliaioffe
pundits	meta_263	64916983	joshgerstein
pundits	meta_264	35586563	jemelehill
pundits	meta_265	182398325	JonLemire
pundits	meta_266	460470940	Sulliview
pundits	meta_267	2568461	willwilkinson
pundits	meta_268	21461359	juliettekayyem
pundits	meta_269	852269288	BenjaminNorton
pundits	meta_270	50446226	jonathanchait
pundits	meta_271	14270650	ktumulty
pundits	meta_272	731167584	RonBrownstein
pundits	meta_273	7848802	thegarance
pundits	meta_274	15976697	michellemalkin
pundits	meta_275	14980220	MattLech
pundits	meta_276	2917736960	DrDooleyMD
pundits	meta_277	28162211	MaxBoot
pundits	meta_278	14931637	MattBinder
pundits	meta_279	24431892	markos
pundits	meta_280	334921581	CHSommers
pundits	meta_281	2328421	pattymo
pundits	meta_282	2521546890	DavidPriess
pundits	meta_283	450341380	madrid_mike
pundits	meta_284	15463671	samstein
pundits	meta_285	113250460	onesarahjones
pundits	meta_286	113364160	JordanChariton
pundits	meta_287	16017475	NateSilver538
pundits	meta_288	50769180	IngrahamAngle
pundits	meta_289	18643437	PrisonPlanet
pundits	meta_290	27000730	Timcast
pundits	meta_291	17985093	jamie_elizabeth
pundits	meta_292	37723353	DKThomp
pundits	meta_293	240107748	DavidAFrench
pundits	meta_294	24578794	Scaramucci
pundits	meta_295	16887628	mattklewis
pundits	meta_296	2835451658	MrAndyNgo
pundits	meta_297	21514744	dpakman
pundits	meta_298	24789175	JamesFallows
pundits	meta_299	21579498	andrewperezdc
pundits	meta_300	38413836	CoreyRobin
pundits	meta_301	755113	shaunking
pundits	meta_302	755024353708892160	shaun_vids
pundits	meta_303	2366113867	MattGrossmann
pundits	meta_304	74820061	Redistrict
pundits	meta_305	463765807	Nate_Cohn
pundits	meta_306	808108063	ElectProject
pundits	meta_307	786309892990574592	SteveSchmidtSES
pundits	meta_308	1013374544	RealTimBlack
pundits	meta_309	15950086	dylanmatt
pundits	meta_310	2400284491	RevDrBarber
pundits	meta_311	331816614	sullydish
pundits	meta_312	31047836	michaeljknowles
pundits	meta_313	834081571493785600	PreetBharara
pundits	meta_314	23985504	elivalley
pundits	meta_315	166751745	RyanAFournier
pundits	meta_316	742453163098296320	EmmaVigeland
pundits	meta_317	143104075	KyleKulinski
pundits	meta_318	1050111	PatrickRuffini
pundits	meta_319	16326882	AdamSerwer
pundits	meta_320	297100174	anneapplebaum
pundits	meta_321	2573480784	MalcolmNance
pundits	meta_322	695054484083470336	politicalelle
pundits	meta_323	130496027	jonfavs
pundits	meta_324	2316383071	RVAwonk
pundits	meta_325	817787882395955200	harrylitman
pundits	meta_326	18005085	MZHemingway
pundits	meta_327	47739450	ByronYork
pundits	meta_328	7855062	Susan_Hennessey
pundits	meta_329	19186003	seungminkim
pundits	meta_330	1591400760	TaraSetmayer
pundits	meta_331	60919240	donnabrazile
pundits	meta_332	36195015	BronzeHammer
pundits	meta_333	50149303	pareene
pundits	meta_334	22799750	ChrisCuomo
pundits	meta_335	20742461	TimOBrien
pundits	meta_336	16989178	JamesOKeefeIII
pundits	meta_337	88215673	mjs_DC
pundits	meta_338	15212187	bennyjohnson
pundits	meta_339	57029492	gelliottmorris
pundits	meta_340	16160352	clairecmc
pundits	meta_341	770619360062898176	TheLaurenChen
pundits	meta_342	15728161	NoahShachtman
pundits	meta_343	16930125	edokeefe
pundits	meta_344	14962779	howardfineman
pundits	meta_345	36529101	seanmdav
pundits	meta_346	813554157097459712	classiclib3ral
pundits	meta_347	2885543426	jaredlholt
pundits	meta_348	637196658	KateAronoff
pundits	meta_349	329115426	_waleedshahid
pundits	meta_350	17466132	AJentleson
pundits	meta_351	21786618	billmckibben
pundits	meta_352	860555190	NicolleDWallace
pundits	meta_353	82673602	geoffreyvs
pundits	meta_354	367873443	SamWangPhD
pundits	meta_355	139186916	awprokop
pundits	meta_356	196168350	AnnCoulter
pundits	meta_357	17004618	NickKristof
pundits	meta_358	27187343	lsarsour
pundits	meta_359	15816595	radleybalko
pundits	meta_360	429227921	cenkuygur
pundits	meta_361	19638752	InternetHippo
pundits	meta_362	780206406024691712	neal_katyal
pundits	meta_363	197080008	NathanJRobinson
pundits	meta_364	38271276	mtaibbi
pundits	meta_365	29472053	Hbomberguy
pundits	meta_366	334715818	BuckSexton
pundits	meta_367	759481842814726144	renato_mariotti
pundits	meta_368	31037199	sbg1
pundits	meta_369	4484115214	MarkHertling
pundits	meta_370	9532402	benyt
pundits	meta_371	17995040	benshapiro
pundits	meta_372	2949261587	BenjaminPDixon
pundits	meta_373	262223982	greenfield64
pundits	meta_374	250784170	StuPolitics
pundits	meta_375	14989516	bdomenech
pundits	meta_376	18622869	ezraklein
pundits	meta_377	1051396218	EvanMcMullin
pundits	meta_378	155260599	MalaikaJabali
pundits	meta_379	2874102076	stclairashley
pundits	meta_380	53789862	MaxBlumenthal
pundits	meta_381	21879831	ZerlinaMaxwell
pundits	meta_382	104299137	DavidMDrucker
pundits	meta_383	15766082	joshrogin
pundits	meta_384	148192924	KeeangaYamahtta
pundits	meta_385	17006157	paulkrugman
pundits	meta_386	165944767	ashleyfeinberg
pundits	meta_387	36711022	DanRather
pundits	meta_388	2908170952	DiamondandSilk
pundits	meta_389	787392577	SarahLongwell25
pundits	meta_390	2922928743	danpfeiffer
pundits	meta_391	138182116	trish_regan
pundits	meta_392	15467700	ZephyrTeachout
pundits	meta_393	15639774	adamdavidson
pundits	meta_394	241201438	Bakari_Sellers
pundits	meta_395	77032777	apalmerdc
pundits	meta_396	929823128259387392	FrankFigliuzzi1
pundits	meta_397	123327472	peterbakernyt
pundits	meta_398	323599188	gaywonk
pundits	meta_399	208155240	MariaBartiromo
pundits	meta_400	453319164	EJDionne
pundits	meta_401	15161984	MattBors
pundits	meta_402	1965420800	NormEisen
pundits	meta_403	1512021254	sam_vinograd
pundits	meta_404	188793260	ninaturner
pundits	meta_405	1045110787	MaryLTrump
pundits	meta_406	47448886	JeffreyGoldberg
pundits	meta_407	37501003	RaniaKhalek
pundits	meta_408	108710418	CarolLeonnig
pundits	meta_409	14155907	jelani9
pundits	meta_410	15952856	AriBerman
pundits	meta_411	449588356	Kasparov63
pundits	meta_412	547114168	franifio
pundits	meta_413	38214152	MarkAmesExiled
pundits	meta_414	1171109054	rgoodlaw
pundits	meta_415	820354372827758592	brhodes
pundits	meta_416	21431618	mckaycoppins
pundits	meta_417	352548417	PaulBegala
pundits	meta_418	39000115	KatyTurNBC
pundits	meta_419	546135718	DouthatNYT
pundits	meta_420	52136185	MichaelCohen212
pundits	meta_421	138141495	ForecasterEnten
pundits	meta_422	218597735	WideAsleepNima
pundits	meta_423	292929271	charliekirk11
pundits	meta_424	301863076	Yascha_Mounk
pundits	meta_425	47293791	w_terrence
pundits	meta_426	246500501	GeraldoRivera
pundits	meta_427	18172905	rickklein
pundits	meta_428	26487169	LouDobbs
pundits	meta_429	15970820	virgiltexas
pundits	meta_430	187289134	selectedwisdom
pundits	meta_431	234186830	HeidiNBC
pundits	meta_432	79743108	alexburnsNYT
pundits	meta_433	228990510	kath_krueger
pundits	meta_434	739610364975808512	paulsperry_
pundits	meta_435	4517565515	KrangTNelson
pundits	meta_436	21619519	JoeNBC
pundits	meta_437	48581849	anitakumar01
pundits	meta_438	184860130	TimAlberta
pundits	meta_439	372536101	NatashaBertrand
pundits	meta_440	75939860	EliStokols
pundits	meta_441	571297251	IChotiner
pundits	meta_442	20776147	seanspicer
pundits	meta_443	2790869677	databyler
pundits	meta_444	20713061	newtgingrich
pundits	meta_445	195631270	micahuetricht
pundits	meta_446	138809881	mschlapp
pundits	meta_447	180535644	esglaude
pundits	meta_448	635608354	20committee
pundits	meta_449	226963044	DanielDenvir
pundits	meta_450	21800063	POLITICO_Steve
pundits	meta_451	244655353	davidaxelrod
pundits	meta_452	15741036	katherinemiller
pundits	meta_453	18584875	hodgetwins
pundits	meta_454	14839147	ericbolling
pundits	meta_455	14251225	jheil
pundits	meta_456	776121625229991936	jackcalifano
pundits	meta_457	184136149	MarkHalperin
pundits	meta_458	114870265	PeterBeinart
pundits	meta_459	19568591	ananavarro
pundits	meta_460	130684893	AndrewCMcCarthy
pundits	meta_461	77413975	WindsorMann
pundits	meta_462	20772763	CharlesMBlow
pundits	meta_463	15483390	tamarakeithNPR
pundits	meta_464	327577091	JustinWolfers
pundits	meta_465	20094409	BarbMcQuade
pundits	meta_466	774407512598704128	Mimirocah1
pundits	meta_467	756331316	adamjohnsonNYC
pundits	meta_468	15765991	agearan
pundits	meta_469	12889162	KSoltisAnderson
pundits	meta_470	322430128	Trillburne
pundits	meta_471	251627765	kkondik
pundits	meta_472	586707638	SidneyPowell1
pundits	meta_473	19086859	rtraister
pundits	meta_474	15931637	jonkarl
pundits	meta_475	50011708	margbrennan
pundits	meta_476	264361128	Liz_Wheeler
pundits	meta_477	131497030	VanJones68
pundits	meta_478	112047805	brithume
pundits	meta_479	174110843	jonlovett
pundits	meta_480	23865382	AnaKasparian
pundits	meta_481	110445334	megynkelly
pundits	meta_482	126722715	abbydphillip
pundits	meta_483	11640472	anamariecox
pundits	meta_484	520497278	xan_desanctis
pundits	meta_485	468646961	TomiLahren
pundits	meta_486	71294756	wolfblitzer
pundits	meta_487	48797538	paulwaldman1
pundits	meta_488	171632862	JaySekulow
pundits	meta_489	577432615	Peter_Wehner
pundits	meta_490	258885469	nickconfessore
pundits	meta_491	305189255	RameshPonnuru
pundits	meta_492	309282144	anniekarni
pundits	meta_493	818282957618216960	SamanthaJPower
pundits	meta_494	17454769	glennbeck
pundits	meta_495	43409523	jonallendc
pundits	meta_496	48459553	KatiePavlich
pundits	meta_497	50073507	amyewalter
pundits	meta_498	78768913	profwolff
pundits	meta_499	19091173	scrowder
pundits	meta_500	80617430	RyanLizza
pundits	meta_501	58869089	margarettalev
pundits	meta_502	59331128	PhilipRucker
pundits	meta_503	21862217	krystalball
pundits	meta_504	18805188	daviddoel
pundits	meta_505	17800215	jasoninthehouse
pundits	meta_506	561516853	JaneMayerNYer
pundits	meta_507	46213956	JamilSmith
pundits	meta_508	289548939	bariweiss
pundits	meta_509	212657985	michelleinbklyn
pundits	meta_510	52521572	MikeGrunwald
pundits	meta_511	158426909	Lawrence
pundits	meta_512	16129920	maddow
pundits	meta_513	125453969	neeratanden
pundits	meta_514	69773058	stephenfhayes
pundits	meta_515	701750402786717696	joshscampbell
pundits	meta_516	35218566	AriFleischer
pundits	meta_517	7900962	lhfang
pundits	meta_518	2178681566	DavidJollyFL
pundits	meta_519	230450027	gdebenedetti
pundits	meta_520	40116885	RichLowry
pundits	meta_521	50317463	MichaelSteele
pundits	meta_522	338779219	cascamike
pundits	meta_523	27938182	ContraPoints
pundits	meta_524	20786801	murphymike
pundits	meta_525	2974742145	MilesTaylorUSA
pundits	meta_526	42670638	mercedesschlapp
pundits	meta_527	878247600096509952	RealCandaceO
pundits	meta_528	18276341	kdrum
pundits	meta_529	23970102	BillOReilly
pundits	meta_530	15473574	SamSeder
pundits	meta_531	408806531	esaagar
pundits	meta_532	14552725	shearm
pundits	meta_533	189376144	NaomiAKlein
pundits	meta_534	42995067	brianefallon
pundits	meta_535	368448364	JAdomian
pundits	meta_536	41814169	FareedZakaria
pundits	meta_537	18646108	BretBaier
pundits	meta_538	807357676300730368	stengel
pundits	meta_539	107210947	andrewklavan
pundits	meta_540	226344061	karpmj
pundits	meta_541	2725669979	GunnelsWarren
pundits	meta_542	21536398	GreggJarrett
pundits	meta_543	15416505	GovMikeHuckabee
pundits	meta_544	18432426	shujaxhaider
pundits	meta_545	29458079	JudgeJeanine
pundits	meta_546	35474809	Peggynoonannyc
pundits	meta_547	160010755	JohnWDean
pundits	meta_548	547007735	meaganmday
pundits	meta_549	21926927	liz_franczak
pundits	meta_550	43360950	ClareMalone
pundits	meta_551	20815668	perrybaconjr
pundits	meta_552	40156330	ScottGottliebMD
pundits	meta_553	195826487	RichardHaass
pundits	meta_554	318692762	SeanMcElwee
pundits	meta_555	248884036	RonaldKlain
pundits	meta_556	833866550906068992	JabariBrisport
pundits	meta_557	435232010	danielsgoldman
pundits	meta_558	1111940934	davidplouffe
pundits	meta_559	168290603	ToluseO
pundits	meta_560	757893380	elianayjohnson
pundits	meta_561	27311044	DanaPerino
pundits	meta_562	24258355	AbbyMartin
pundits	meta_563	611816381	JVLast
pundits	meta_564	102251724	Elise_Jordan
pundits	meta_565	7868832	fshakir
pundits	meta_566	16051471	donlemon
pundits	meta_567	28628850	greggutfeld
pundits	meta_568	63004503	mlcalderone
pundits	meta_569	18227519	morningmika
pundits	meta_570	573842268	RoseAnnDeMoro
pundits	meta_571	2438831503	ChanelRion
pundits	meta_572	384910109	KimStrassel
pundits	meta_573	20479813	MMFlint
pundits	meta_574	319769408	jaboukie
pundits	meta_575	130945778	mollyesque
pundits	meta_576	127398666	J_ManPrime21
pundits	meta_577	17436250	nytmike
pundits	meta_578	46817943	brikeilarcnn
pundits	meta_579	19608273	Milbank
pundits	meta_580	168295477	DLeonhardt
pundits	meta_581	334079075	Isikoff
pundits	meta_582	55080227	iPhilSomething
pundits	meta_583	55948054	matthewamiller
pundits	meta_584	167024520	rachaelmbade
pundits	meta_585	37590426	HallieJackson
pundits	meta_586	163598915	jwpetersNYT
pundits	meta_587	56561449	JesseBWatters
pundits	meta_588	820378690920058880	AmbassadorRice
pundits	meta_589	92079350	mmurraypolitics
pundits	meta_590	59031230	Eugene_Robinson
pundits	meta_591	633980404	nytdavidbrooks
pundits	meta_592	23839835	jeremyscahill
pundits	meta_593	1672053968	aidachavez
pundits	meta_594	59157393	tomfriedman
pundits	meta_595	137512415	micahcohen
pundits	meta_596	5509762	SarahHuckabee
pundits	meta_597	237477771	juliehdavis
pundits	meta_598	605556917	deep_beige
pundits	meta_599	759786534	ChrisLynnHedges
pundits	meta_600	291762556	AdamFriedland
pundits	meta_601	25101996	kimguilfoyle
pundits	meta_602	423631401	IgnatiusPost
pundits	meta_603	243291022	David_Gergen
pundits	meta_604	36743910	CornelWest
pundits	meta_605	113064158	nedprice
pundits	meta_606	200514238	rcbregman
pundits	meta_607	59145948	maureendowd
pundits	meta_608	286339472	jmeacham
pundits	meta_609	139738464	mj_lee
pundits	meta_610	19697415	billmaher
pundits	meta_611	297532865	kwelkernbc
pundits	meta_612	794962652556443648	alexandrasiera
pundits	meta_613	2255182597	GeorgeWill
pundits	meta_614	22703645	TuckerCarlson
pundits	meta_615	4211625232	JamesCarville
pundits	meta_616	2657143946	CharlieCookDC
pundits	meta_617	48802204	HardballChris
pundits	meta_618	17074440	GStephanopoulos
pundits	meta_619	84944278	profdavidharvey
pundits	meta_620	522282462	JeffreyToobin
pundits	meta_621	875029068223315968	SallyQYates
pundits	meta_622	15224867	andersoncooper
pundits	meta_623	532690100	jwgop
pundits	meta_624	50325797	chucktodd
covid_elites	meta_625	1006419421244678144	Greta Thunberg
covid_elites	meta_626	1009577803304656896	Jeff Tiedrich
covid_elites	meta_627	101005636	Travis Akers
covid_elites	meta_628	1011741185839333376	Brett
covid_elites	meta_629	1011970623470489600	Daniel Uhlfelder
covid_elites	meta_630	1023196198537232384	One Voice
covid_elites	meta_631	1043185714437992448	Catturd 
covid_elites	meta_632	1075121162743676928	Hamish Mitchell
covid_elites	meta_633	1078457644736827392	Robert Cooper
covid_elites	meta_634	1090715513586679808	Joshua Potash
covid_elites	meta_635	1093774442264707072	Vincent Kennedy
covid_elites	meta_636	1094713876132872192	Mystery Solvent
covid_elites	meta_637	1113828112503115776	A Worried Citizen
covid_elites	meta_638	1114631166	DrConservaMom
covid_elites	meta_639	1127744603061276672	Mini AOC
covid_elites	meta_640	113724715	Matt Rogers
covid_elites	meta_641	1141352946623492096	Julie.TrumpsGirl
covid_elites	meta_642	11454572	Martin Geddes 6%
covid_elites	meta_643	1152385955187298304	Shannon4OH
covid_elites	meta_644	1157388784301793280	Carlos Osweda
covid_elites	meta_645	32671625	Derek Cressman
covid_elites	meta_646	328756439	Southern Sister Resister
covid_elites	meta_647	33235771	Mia Farrow
covid_elites	meta_648	33276161	John Fugelsang
covid_elites	meta_649	33435693	Ian Sams
covid_elites	meta_650	335060282	Elizabeth C. McLaughlin
covid_elites	meta_651	3353061012	JamieR Army Girl
covid_elites	meta_652	3375809956	Bad Fox Graphics
covid_elites	meta_653	338473859	Brandon Beckham, Esq.
covid_elites	meta_654	33913156	chris evans
covid_elites	meta_655	339351467	Stephanie Kennedy
covid_elites	meta_656	3406938525	thebradfordfile TM
covid_elites	meta_657	341190477	Ricky Davila
covid_elites	meta_658	341194704	Steve Guest
covid_elites	meta_659	34367582	Tim Young
covid_elites	meta_660	34756550	CHIZ
covid_elites	meta_661	3614519775	Lary Mitch
covid_elites	meta_662	3740820863	Mark Taylor
covid_elites	meta_663	38284349	Wayne Allyn Root
covid_elites	meta_664	39076082	Who's Gonna Be Lucky Indicted 3 - Brian Cates
covid_elites	meta_665	39344374	Donald Trump Jr.
covid_elites	meta_666	396720850	Zane Zodrow
covid_elites	meta_667	39753444	Heather
covid_elites	meta_668	3995778614	Kambree
covid_elites	meta_669	424664120	LotusOak
covid_elites	meta_670	43014978	D Villella
covid_elites	meta_671	4459642286	The Honorable Sheryl Lynne
covid_elites	meta_672	447200783	  
covid_elites	meta_673	4541535439	Jennifer Cohn
covid_elites	meta_674	45499837	Ken Tremendous
covid_elites	meta_675	45676731	Tim Murtaugh - Download the Trump 2020 app today!
covid_elites	meta_676	46085118	Belkiss Obadia
covid_elites	meta_677	461697741	Chris Lu
covid_elites	meta_678	466645191	Cloyd Rivers
covid_elites	meta_679	466864852	Bo Snerdley
covid_elites	meta_680	471672239	Kellyanne Conway
covid_elites	meta_681	47379354	Leah McElrath 
covid_elites	meta_682	4765364386	Chuck Callesto
covid_elites	meta_683	4878610324	PoliticsVideoChannel
covid_elites	meta_684	49023129	CJTRUTH 6%
covid_elites	meta_685	512417432	Bruce Bourgoine
covid_elites	meta_686	52544275	Ivanka Trump
covid_elites	meta_687	527131496	Todd B. #DefundThePolice
covid_elites	meta_688	536904693	Lincoln's Bible
covid_elites	meta_689	55060090	#TuckFrump
covid_elites	meta_690	574795929	Meena Harris
covid_elites	meta_691	580224794	Travis Allen 
covid_elites	meta_692	594886554	TheLastRefuge
covid_elites	meta_693	601535938	Matt Couch
covid_elites	meta_694	61851477	Mark Grant
covid_elites	meta_695	626455898	Sol
covid_elites	meta_696	701789671	john f. capuziello
covid_elites	meta_697	70468535	Lila Rose
covid_elites	meta_698	713839291210792960	Democratic Coalition
covid_elites	meta_699	716432228	StanceGrounded
covid_elites	meta_700	734768872625188864	Andrew Bates
covid_elites	meta_701	736989573201301504	Cari Kelemen
covid_elites	meta_702	739844197935644672	Andrew Wortman
covid_elites	meta_703	742004164994048000	Sabrina McDaniel
covid_elites	meta_704	755677202	Nate Lerner
covid_elites	meta_705	755835576	Holly Figueroa O'Reilly
covid_elites	meta_706	75690416	Mike Ricci
covid_elites	meta_707	757303975	Chelsea Clinton
covid_elites	meta_708	757703840669904896	He is Limitless 
covid_elites	meta_709	757832485	Elizabeth Harrington
covid_elites	meta_710	760234705618870272	Andrea R MD
covid_elites	meta_711	774445533008191488	Middle Age Riot
covid_elites	meta_712	780955609394884608	Stone
covid_elites	meta_713	785209740	Bryce Tache
covid_elites	meta_714	793970466532851712	Dark to Light
covid_elites	meta_715	797406769	Alexandra Chalupa
covid_elites	meta_716	799047255378391040	Sleeping Giants
covid_elites	meta_717	800086706678419456	Stonewall Jackson
covid_elites	meta_718	800111181058838528	John Oberlin
covid_elites	meta_719	800704496246484992	Swing Left
covid_elites	meta_720	802301495781691392	MQ
covid_elites	meta_721	803017539903029248	EMPIntelligenceNet
covid_elites	meta_722	810943316	Destiny, RN, BSN
covid_elites	meta_723	812361923304034304	Peter Morley
covid_elites	meta_724	816578053627252736	Pat the General Striker 
covid_elites	meta_725	818246053468262400	WacthYourRepsSC
covid_elites	meta_726	818876014390603776	Melania Trump
covid_elites	meta_727	823558302290341888	Translate Trump
covid_elites	meta_728	825153022653128704	Rogue WH Snr Advisor
covid_elites	meta_729	825518870421180416	Ted Corcoran
covid_elites	meta_730	827934520112472064	Richard Saunders
covid_elites	meta_731	829717519	Eyes On Q
covid_elites	meta_732	835627637049450496	Jordan Sather
covid_elites	meta_733	837471886770585600	Mary Tikalsky
covid_elites	meta_734	848148994102611968	Angry Stagger
covid_elites	meta_735	850507814023942144	George Papadopoulos
covid_elites	meta_736	862315394	Steve Rustad
covid_elites	meta_737	874877835382575104	Taylor 
covid_elites	meta_738	875856268056969216	Rogan O'Handley 
covid_elites	meta_739	879147821915615232	Duty To Warn 
covid_elites	meta_740	879548970082721792	Rising serpent 
covid_elites	meta_741	87983041	Khashoggi's Ghost
covid_elites	meta_742	880474475829055488	David, Ph.D.
covid_elites	meta_743	88426758	SteveAmerica FirstMAGAKAG
covid_elites	meta_744	893316758987128832	Trinity
covid_elites	meta_745	898533348	LiA
covid_elites	meta_746	917501529480765440	AnthemRespect
covid_elites	meta_747	932576686675283968	stormypatriotjoe
covid_elites	meta_748	951302891708583936	Machiavelli
covid_elites	meta_749	958555581198954496	Bill Maxwell ByeDon2020
covid_elites	meta_750	960285302899298304	Evan Kilgore
covid_elites	meta_751	963790885937995776	Mrs. Krassenstein
covid_elites	meta_752	96675300	Maya Wiley
covid_elites	meta_753	969138694308421632	Secret Agent Number Six
covid_elites	meta_754	971051135996964864	Stu Cameron
covid_elites	meta_755	983766825610694656	Andrew Pollack
covid_elites	meta_756	98706225	Daniel Burnell
covid_elites	meta_757	988807767031885824	Shem Horne
covid_elites	meta_758	991089617603411968	Julian's Rum
covid_elites	meta_759	1167738667009552384	Secret Stranger UK
covid_elites	meta_760	1171196331945275392	COL (R) Stephen Mitchell
covid_elites	meta_761	1181952938266304512	Jody Belcher
covid_elites	meta_762	11866582	The Mysterious LOLGOP
covid_elites	meta_763	1191764515978911744	Skyler Johnson
covid_elites	meta_764	1216789842	Aunt Crabby calls Bullshit 
covid_elites	meta_765	129235890	LORI HENDRY
covid_elites	meta_766	1398759560	Robert Maguire
covid_elites	meta_767	1445111881	
covid_elites	meta_768	149249831	The Volatile Mermaid
covid_elites	meta_769	14982131	Christina MASK UP Stephens
covid_elites	meta_770	15418628	Matt McDermott
covid_elites	meta_771	15446551	Christine Pelosi
covid_elites	meta_772	1546656000	Jali_Cat{}
covid_elites	meta_773	15576928	shauna
covid_elites	meta_774	15669672	Geller Report
covid_elites	meta_775	15907183	Charlotte Clymer 
covid_elites	meta_776	1607352380	Rebecca Kavanagh
covid_elites	meta_777	16124531	 AMERICA OUT LOUD
covid_elites	meta_778	16163639	Let's Start Our Own MAGA CHAZ!
covid_elites	meta_779	1640929196	BrooklynDad_Defiant!
covid_elites	meta_780	1644734071	Matthew Foldi
covid_elites	meta_781	164554364	HawaiiDelilah
covid_elites	meta_782	164679813	ken olin
covid_elites	meta_783	16581604	Mike Bloomberg
covid_elites	meta_784	16635277	Acyn Torabi
covid_elites	meta_785	16711026	R. Saddler  Vote Early n Person Or Use BallotBox
covid_elites	meta_786	16740433	DeAnna Lorraine
covid_elites	meta_787	16789745	Joe Roche
covid_elites	meta_788	16950628	Wendell Potter
covid_elites	meta_789	17642747	Tony Posnanski
covid_elites	meta_790	17685258	Brad Parscale
covid_elites	meta_791	179732982	The Daily Edge
covid_elites	meta_792	18247062	Judicial Watch
covid_elites	meta_793	18533219	Karine Jean-Pierre
covid_elites	meta_794	1866938882	Andrea Junker 
covid_elites	meta_795	187936720	Sandpiper
covid_elites	meta_796	201066140	Harmeet K Dhillon
covid_elites	meta_797	21784951	Andrew Surabian
covid_elites	meta_798	219141142	Sawyer Hackett
covid_elites	meta_799	22677397	Juanita Broaddrick
covid_elites	meta_800	23027636	keyvan ()
covid_elites	meta_801	23176632	RICHARD W.
covid_elites	meta_802	2327400218	C3
covid_elites	meta_803	2402214960	M3thods
covid_elites	meta_804	2421067430	Tea Pain
covid_elites	meta_805	2427390260	Mikeyunbelievable
covid_elites	meta_806	24733117	Jeffrey Levin
covid_elites	meta_807	25203361	ROSIE
covid_elites	meta_808	252357183	Pe
covid_elites	meta_809	2525716756	MDR
covid_elites	meta_810	25360591	robg
covid_elites	meta_811	257715213	jamie
covid_elites	meta_812	25873558	B
covid_elites	meta_813	259001548	Kayleigh McEnany
covid_elites	meta_814	25911963	Charles Gaba
covid_elites	meta_815	26186655	Jesse Lehrich
covid_elites	meta_816	264501955	Mike Coudrey
covid_elites	meta_817	26642006	Alyssa Milano
covid_elites	meta_818	270921976	Michael O'Grady
covid_elites	meta_819	2729784259	Frederick Joseph
covid_elites	meta_820	2730264319	Eric Matheny
covid_elites	meta_821	2738477133	FairyQueen
covid_elites	meta_822	27493883	Jon Cooper
covid_elites	meta_823	275276082	Thomas Paine
covid_elites	meta_824	2757833205	Deplorable Larry G
covid_elites	meta_825	276688330	Matthew Cortland, Esq
covid_elites	meta_826	2812470186	David Hammet
covid_elites	meta_827	282695161	W.E. Dupree
covid_elites	meta_828	2832475948	Mark Elliot
covid_elites	meta_829	2852597261	Julie Kelly
covid_elites	meta_830	2889924959	Claude Taylor
covid_elites	meta_831	289118612	Tomthunkit
covid_elites	meta_832	2892851858	john boyega's y-wing squadron
covid_elites	meta_833	289963138	Priorities USA
covid_elites	meta_834	29067876	RICHARD LUKENBACH
covid_elites	meta_835	29270341	Donna Smith McG 
covid_elites	meta_836	2998864022	  
covid_elites	meta_837	3009647720	Lincoln
covid_elites	meta_838	3141672447	People for Bernie
covid_elites	meta_839	3145737860	One Hot Mess AK
covid_elites	meta_840	3160248614	John M. Talmadge, MD
covid_elites	meta_841	321774180	 Christopher Zullo
covid_elites	meta_842	3310061541	JT Lewis
covid_elites	meta_843	877981025921638400	Cassandra of Troy
covid_elites	meta_844	28817015	Russel L. Honore'
covid_elites	meta_845	28745526	Ben Meiselas
covid_elites	meta_846	270132611	Lindy Li
covid_elites	meta_847	185323038	Andy Howes
covid_elites	meta_848	360669674	Melissa DeRosa
covid_elites	meta_849	442593662	Pat Bagley
covid_elites	meta_850	822131894540083200	Vanita Gupta
covid_elites	meta_851	3671138595	Chasten Buttigieg
covid_elites	meta_852	24712487	David Waldman-1, of Yorktown LLC
covid_elites	meta_853	780546876391067648	Jesse Lifson
covid_elites	meta_854	46705002	Chad Prather
covid_elites	meta_855	54617733	Be A King
covid_elites	meta_856	23281108	Marc E. Elias
covid_elites	meta_857	160244947	Andrew C Laufer, Esq
covid_elites	meta_858	806347865073315840	Daniel F. Baranowski
covid_elites	meta_859	366498596	Andy Behrman
covid_elites	meta_860	3021460584	MJ Hegar
covid_elites	meta_861	143500773	Justin Baragona
covid_elites	meta_862	60403024	Andrew Clark
covid_elites	meta_863	25387735	Franklin Leonard
covid_elites	meta_864	17852894	Jordan Zakarin
covid_elites	meta_865	808421803521671168	Son of Isaac
covid_elites	meta_866	616737225	David Hoffman
covid_elites	meta_867	15384969	JRehling
covid_elites	meta_868	163649954	between 4 and 7 dogs
covid_elites	meta_869	2195241	farhad manjoo
covid_elites	meta_870	254151878	Brad Dickson
covid_elites	meta_871	55192727	Matt Whitlock
covid_elites	meta_872	1197838337626779648	South Dakota Standard
covid_elites	meta_873	20818801	Daily Kos (Tune in to Daily Kos'  The Brief)
covid_elites	meta_874	29896002	Thomas Elness
covid_elites	meta_875	1276140426	Corey A. DeAngelis
covid_elites	meta_876	20729327	Wallis Weaver
covid_elites	meta_877	84734907	Kristen Clarke
covid_elites	meta_878	42518865	Fred Wellman
covid_elites	meta_879	1006096223596511232	The Resistance 
covid_elites	meta_880	993137216309383168	Nathan Mackenzie Brown 
covid_elites	meta_881	50434933	LifeNews.com
covid_elites	meta_882	17261066	Adam Best
covid_elites	meta_883	830886553123700736	Monty Lincoln's Speeches Boa
covid_elites	meta_884	4429709805	Reagan Battalion
covid_elites	meta_885	573753709	Snitty Shainzona
covid_elites	meta_886	31059230	Michael Del Moro
covid_elites	meta_887	752221293181825024	Shari Lynn
covid_elites	meta_888	1871975262	Robert People
covid_elites	meta_889	46822887	Imani Gandy 
covid_elites	meta_890	6724252	Phil Kerpen
covid_elites	meta_891	39349894	Eric Trump
covid_elites	meta_892	48325671	Chip Franklin InsideTheBeltway.com
covid_elites	meta_893	93071854	"Nestor ""the boss"" Gomez"
covid_elites	meta_894	744070482832596992	Josh Caplan
covid_elites	meta_895	965004924370079744	Shahid Buttar for Congress
covid_elites	meta_896	2323448533	Spiro Agnew's Ghost
covid_elites	meta_897	61371461	Akilah Hughes
covid_elites	meta_898	35516339	Dr. Abdul El-Sayed
covid_elites	meta_899	851985789072408576	The HighWire
covid_elites	meta_900	2880052887	Ted
covid_elites	meta_901	8349572	Justin Hart
covid_elites	meta_902	7860902	Ilyse Hogue
covid_elites	meta_903	21149655	Arthur Schwartz
covid_elites	meta_904	87853386	Rebecca Nagle
covid_elites	meta_905	111683028	MikeFarb
covid_elites	meta_906	2704681687	Ethical Skeptic
covid_elites	meta_907	18124790	Michelangelo Signorile
covid_elites	meta_908	1067968702400876544	Steve Herzfeld
covid_elites	meta_909	2329492448	Olivia of Troye
covid_elites	meta_910	1106771843929788416	Hoodlum
covid_elites	meta_911	14709326	Gravel Institute
covid_elites	meta_912	87371781	Imani Barbarin, MAGC | Crutches&Spice
covid_elites	meta_913	784890784273215488	Billy Baldwin
covid_elites	meta_914	24439201	James Hohmann
covid_elites	meta_915	49698174	Tom Elliott
covid_elites	meta_916	322128988	Daniel Stone
covid_elites	meta_917	1274893135823290368	StarChicken -  ( )
covid_elites	meta_918	2315698776	Robert J. O'Neill
covid_elites	meta_919	1585983950	Nathan H. Rubin
covid_elites	meta_920	767788995962998784	ReallyAmerican.com
covid_elites	meta_921	899149856	vicki cecilX
covid_elites	meta_922	245424983	Randi Weingarten
covid_elites	meta_923	372483103	Mark Harris
covid_elites	meta_924	1201348645225930752	Grande Capo
covid_elites	meta_925	3938173949	Kay
covid_elites	meta_926	1006474869570093056	samanthamarika
covid_elites	meta_927	14125005	Lyz Lenz
covid_elites	meta_928	28185163	Beau Willimon
covid_elites	meta_929	15455253	Ned Ryun
covid_elites	meta_930	15368940	Laffy
covid_elites	meta_931	25198779	Amanda Mull
covid_elites	meta_932	2491804962	Jess Piper
covid_elites	meta_933	23098409	Alex
covid_elites	meta_934	15327996	Brandon Friedman
covid_elites	meta_935	2434051392	Symone D. Sanders
covid_elites	meta_936	184789840	Aaron Ginn
covid_elites	meta_937	340613382	YS
covid_elites	meta_938	30395567	feminist next door
covid_elites	meta_939	492833134	Michale Nthem
covid_elites	meta_940	36715753	Bradley Scott
covid_elites	meta_941	2314055840	Maya Harris
covid_elites	meta_942	801549353227841536	Ida Skibenes
covid_elites	meta_943	101534630	Robert Mann
covid_elites	meta_944	1599266138	Max Burns
covid_elites	meta_945	1633058688	James Kosur
covid_elites	meta_946	755946560794558464	American Veteran
covid_elites	meta_947	50669520	Dr. Jason Johnson
covid_elites	meta_948	204444440	Dr. Dawn Michael
covid_elites	meta_949	3333055535	Eric Holder
covid_elites	meta_950	21522338	Marianne Williamson
covid_elites	meta_951	2393323908	CJ Pearson
covid_elites	meta_952	778763106289758208	Jenna Ellis
covid_elites	meta_953	1243560408025198592	MeidasTouch.com
covid_elites	meta_954	1083551928821448704	John D
covid_elites	meta_955	817869452473548800	Dr. Al Gross
covid_elites	meta_956	16972715	MURRAY
covid_elites	meta_957	33608041	Kevin Sorbo
covid_elites	meta_958	17813513	Jeremy Newberger
covid_elites	meta_959	22663306	
covid_elites	meta_960	394724132	Topher Spiro
covid_elites	meta_961	409486555	Michelle Obama
covid_elites	meta_962	868673067223887872	Badd Company
covid_elites	meta_963	806862084277407744	Valerie Jarrett
covid_elites	meta_964	1265761679947771904	The Republican Accountability Project
covid_elites	meta_965	14869615	A.R. (Actually Republic) Moxon
covid_elites	meta_966	91150764	Zac Petkanas
covid_elites	meta_967	92317603	Phil Ehr
covid_elites	meta_968	18208368	Kurt Bardella
covid_elites	meta_969	1283359081	Gwen Graham
covid_elites	meta_970	85165134	molly conger
covid_elites	meta_971	58348452	Jordan Rachel
covid_elites	meta_972	90480218	Richard Grenell
covid_elites	meta_973	826589191412862976	Joe Cunningham
covid_elites	meta_974	15725659	Matt Wolking
covid_elites	meta_975	130617778	Keith Olbermann
covid_elites	meta_976	19638751	David Pepper
covid_elites	meta_977	821784477076750336	Dr. Jill Biden
covid_elites	meta_978	1731223328	Scott Charles
covid_elites	meta_979	1178039474346852352	Matthew Holliday
covid_elites	meta_980	30726383	Nick Jack Pappas
covid_elites	meta_981	1221462414744596480	Republicans against Trumpism
covid_elites	meta_982	3298708805	Charles Booker
covid_elites	meta_983	120995738	Black Aziz aNANsi
covid_elites	meta_984	96648433	Sara Spector
covid_elites	meta_985	3222921301	A Voice For Choice Advocacy
covid_elites	meta_986	369613362	Brian Sims
covid_elites	meta_987	137271569	Sean Turner Wear a Mask!
covid_elites	meta_988	21150492	Steve Milloy
covid_elites	meta_989	3317659546	Mary Leath
covid_elites	meta_990	4639413136	Mark Lutchman
covid_elites	meta_991	350822109	ELIJAH SCHAFFER
covid_elites	meta_992	19161570	Jennifer Horn
covid_elites	meta_993	32804484	Paul A. Szypula, US Senate Candidate for NY in 22
covid_elites	meta_994	832978972602429440	Graham Allen
covid_elites	meta_995	886398296146706432	Fifty Shades of Whey
covid_elites	meta_996	4081106480	The Daily Wire
covid_elites	meta_997	26044686	Ruth H. Hopkins, B.S., M.S., J.D.
covid_elites	meta_998	17974481	N. K. Jemisin
covid_elites	meta_999	878087280321335296	Kaitlin Bennett
covid_elites	meta_1000	2945287090	ALBUMS OUT NOW
covid_elites	meta_1001	226194552	An0maly
covid_elites	meta_1002	1066773270773547008	BlackWomenViews Media
covid_elites	meta_1003	4510762632	Maya Chavez
covid_elites	meta_1004	825829081866436608	Irishrygirl
covid_elites	meta_1005	972909709	BraveHeart
covid_elites	meta_1006	454513795	NANCY
covid_elites	meta_1007	2366083123	hodel in the streets, chava in the sheets
covid_elites	meta_1008	481762079	Aaron Black
covid_elites	meta_1009	798953701972938752	Nick Knedsen 
covid_elites	meta_1010	858466264875900928	Barry R McCaffrey
covid_elites	meta_1011	87679233	Alex Berenson
covid_elites	meta_1012	23176276	Meghan McCain
covid_elites	meta_1013	245441097	Joe Concha
covid_elites	meta_1014	14542977	Tom Joseph
covid_elites	meta_1015	14619527	Eric Umansky
covid_elites	meta_1016	15515169	toddstarnes
covid_elites	meta_1017	15694863	Lindsay Beyerstein
covid_elites	meta_1018	115563859	Richard Hine
covid_elites	meta_1019	123281100	Andy Ostroy
covid_elites	meta_1020	14146966	John Aravosis 
covid_elites	meta_1021	3096996858	Mairead McArdle
covid_elites	meta_1022	50772918	Clay Travis
covid_elites	meta_1023	535643852	Jordan Schachtel
covid_elites	meta_1024	558360059	John Ziegler
covid_elites	meta_1025	570248641	Dermot Cole
covid_elites	meta_1026	252398355	Daniel Horowitz
covid_elites	meta_1027	177564016	Steve Deace
covid_elites	meta_1028	18071459	MARK SIMONE
covid_elites	meta_1029	18320938	(((DeanObeidallah)))
covid_elites	meta_1030	19422491	Grant Stern
covid_elites	meta_1031	2199541	Helen Kennedy
covid_elites	meta_1032	932011810235891712	Alex Salvi
covid_elites	meta_1033	96505646	Kyle Whitmire
covid_elites	meta_1034	16116288	rolandsmartin
presidents	pres_biden	1349149096909668363	President Biden
presidents	pres_biden	939091	Joe Biden
presidents	pres_trump	822215679726100480	President Trump 45 Archived
presidents	pres_trump	25073877	Donald J. Trump
presidents	pres_obama	1536791610	President Obama
presidents	pres_obama	813286	Barack Obama
moc_116	MH11621189	18229117	duffy4wisconsin
moc_116	MH11629375	18277655	reppeteking
moc_116	MH11620948	20053279	reppeteolson
moc_116	MS11621112	20879626	corygardner
moc_116	MS11640304	21669223	lamaralexander
moc_116	MH11620532	23976316	repkenmarchant
moc_116	MH11621324	26637348	tulsigabbard
moc_116	MH11629546	26778110	repwalterjones
moc_116	MH11615431	29450962	repjohnlewis
moc_116	MS11641904	29495695	kloeffler
moc_116	MH11629932	32010840	repgregwalden
moc_116	MH11629134	33563161	repjoseserrano
moc_116	MH11621376	42481696	bradleybyrne
moc_116	MH11620325	48117116	stevekingia
moc_116	MH11620947	52503751	drphilroe
moc_116	MS11629924	60828944	senatortomudall
moc_116	MS11614852	75364211	senpatroberts
moc_116	MS11640304	76649729	senalexander
moc_116	MS11629909	78403308	senatorisakson
moc_116	MH11615603	164007407	repeliotengel
moc_116	MH11620962	190328374	reptomgraves
moc_116	MH11615124	193872188	repvisclosky
moc_116	MH11621943	196362083	repbenmcadams
moc_116	MH11615612	221792092	nitalowey
moc_116	MH11621192	224294785	repmartharoby
moc_116	MH11691143	233842454	justinamash
moc_116	MH11621189	234022257	repseanduffy
moc_116	MS11621112	235217558	sencorygardner
moc_116	MH11621182	237312687	repbillflores
moc_116	MS11641705	239548513	dougjones
moc_116	MH11621111	242873057	reptipton
moc_116	MH11621101	252819323	reptomreed
moc_116	MS11649706	291756142	senatorenzi
moc_116	MH11620531	295685416	conawaytx11
moc_116	MH11629572	377534571	mactxpress
moc_116	MH11621925	412595957	replancegooden
moc_116	MH11620108	432771620	repsusandavis
moc_116	MH11620720	510516465	daveloebsack
moc_116	MH11620147	584912320	lacyclaymo1
moc_116	MH11629587	787373558	repcummings
moc_116	MH11614657	851621377	jimpressoffice
moc_116	MH11621348	963480595	repmarkmeadows
moc_116	MH11620508	1009269193	replipinski
moc_116	MH11621335	1055907624	repjoekennedy
moc_116	MH11621345	1058256326	repchriscollins
moc_116	MH11621349	1058460818	repholding
moc_116	MH11621323	1060487274	repdougcollins
moc_116	MH11621324	1064206014	tulsipress
moc_116	MH11621369	1068499286	repdennyheck
moc_116	MH11621317	1071900114	reptedyoho
moc_116	MH11621331	1074101017	susanwbrooks
moc_116	MH11621305	1074412920	reppaulcook
moc_116	MS11614921	1249982359	senatemajldr
moc_116	MH11614863	1289319271	repchrissmith
moc_116	MH11620963	1305596696	rep_hunter
moc_116	MS11641501	1397501864	perduesenate
moc_116	MH11621376	2253968388	repbyrne
moc_116	MH11621122	2382685057	reprobwoodall
moc_116	MH11629337	2433737761	rephastingsfl
moc_116	MH11621549	2847221717	repratcliffe
moc_116	MS11641501	2863210809	sendavidperdue
moc_116	MH11621522	2962891515	repabraham
moc_116	MH11621550	2963445730	hurdonthehill
moc_116	MS11621501	2964949642	senmcsallyaz
moc_116	MH11621543	2966205003	repmarkwalker
moc_116	MH11621947	750046943905058816	debbieforfl
moc_116	MS11641701	803694179079458816	senkamalaharris
moc_116	MH11621737	811632636598910976	reppaulmitchell
moc_116	MH11621742	816111677917851649	reprooney
moc_116	MH11621932	839226269627621376	katiehill4ca
moc_116	MH11621958	892491627088011264	maxrose4ny
moc_116	MS11641705	941080085121175552	sendougjones
moc_116	MH11621963	1060584809095925762	repshalala
moc_116	MH11621932	1068273911224094721	repkatiehill
moc_116	MH11621960	1075080722241736704	repharley
moc_116	MH11621958	1078692057940742144	repmaxrose
moc_116	MH11621913	1080198683713507335	repcunningham
moc_116	MH11621982	1080307235350241280	rep_watkins
moc_116	MH11621957	1080504024695222273	repriggleman
moc_116	MH11621976	1080830346915209216	reptorressmall
moc_116	MH11621909	1080875913926139910	reptjcox
moc_116	MH11621947	1080941062028447744	repdmp
moc_116	MH11621904	1080978331535896576	repbrindisi
moc_116	MH11621907	1080986167003230208	repgilcisneros
moc_116	MH11621918	1081256295469068288	repfinkenauer
moc_116	MH11621981	1082416697380913152	repmichaelwaltz
moc_116	MH11621933	1083019402046513152	repkendrahorn
moc_116	MH11621980	1083469084648505344	congressmanjvd
moc_116	MH11621967	1090328229548826627	reprossspano
moc_116	MS11641904	1200451909406121984	senatorloeffler
media	media_1	32353291	EconUS
media	media_2	742143	BBCWorld
media	media_3	5392522	NPR
media	media_4	14437914	NewsHour
media	media_5	3108351	WSJ
media	media_6	28785486	ABC
media	media_7	15012486	CBSNews
media	media_8	14173315	NBCNews
media	media_9	759251	CNN
media	media_10	15754281	USATODAY
media	media_11	10774652	theblaze
media	media_12	807095	nytimes
media	media_13	2467791	washingtonpost
media	media_14	2836421	msnbc
media	media_15	16042794	GuardianUS
media	media_16	104237736	Bloomberg
media	media_17	14677919	NewYorker
media	media_18	9300262	politico
media	media_19	7309052	YahooNews
media	media_20	1367531	FoxNews
media	media_21	18510860	MotherJones
media	media_22	15164565	Slate
media	media_23	457984599	BreitbartNews
media	media_24	15458694	HuffPostPol
media	media_25	16303106	StephenAtHome
media	media_26	55355654	thinkprogress
media	media_27	158414847	TheDailyShow
media	media_30	2303751216	FiveThirtyEight
media	media_32	456806128	BuzzFeedPol
media	media_33	2347049341	voxdotcom
media	media_34	1209936918	OANN
governors	governor_0	19668491	GovernorKayIvey
governors	governor_1	1060655470178787328	GovDunleavy
governors	governor_2	20217019	dougducey
governors	governor_3	269992801	AsaHutchinson
governors	governor_4	11347122	GavinNewsom
governors	governor_5	728344273620344832	GovofCO
governors	governor_5	15361570	jaredpolis
governors	governor_6	1076293903723233280	GovNedLamont
governors	governor_7	237770636	JohnCarneyDE
governors	governor_8	1058807868	GovRonDeSantis
governors	governor_8	487297085	RonDeSantisFL
governors	governor_9	1064659902071808000	GovKemp
governors	governor_9	47437206	BrianKempGA
governors	governor_10	2916915026	GovHawaii
governors	governor_10	1582642838	teamdavidige
governors	governor_11	41266395	GovernorLittle
governors	governor_12	1084817523378454529	GovPritzker
governors	governor_12	45550693	JBPritzker
governors	governor_13	4919082864	GovHolcomb
governors	governor_14	851808935397011456	IAGovernor
governors	governor_14	31591773	KimReynoldsIA
governors	governor_15	1040058893907513344	GovLauraKelly
governors	governor_15	364864453	LauraKellyKS
governors	governor_16	1192549822865297409	GovAndyBeshear
governors	governor_16	2991360032	AndyBeshearKY
governors	governor_17	166374616	LouisianaGov
governors	governor_17	1217037967	JohnBelEdwards
governors	governor_18	1083795319027089408	GovJanetMills
governors	governor_19	2987671552	GovLarryHogan
governors	governor_19	280121510	LarryHogan
governors	governor_20	18023868	MassGovernor
governors	governor_20	54990588	CharlieBakerMA
governors	governor_21	102071743	GovWhitmer
governors	governor_21	1093619068148559872	gretchenwhitmer
governors	governor_22	1064603540956565504	GovTimWalz
governors	governor_22	85726335	Tim_Walz
governors	governor_23	259341329	tatereeves
governors	governor_24	1003672320781807616	GovParsonMO
governors	governor_24	74522684	mikeparson
governors	governor_25	111721601	GovernorBullock
governors	governor_25	1235630338875052034	stevebullockmt
governors	governor_26	2891165960	GovRicketts
governors	governor_27	1080586433088258048	GovSisolak
governors	governor_27	3124524385	SteveSisolak
governors	governor_28	816282120767291392	GovChrisSununu
governors	governor_28	95943434	ChrisSununu
governors	governor_29	948946378939609089	GovMurphy
governors	governor_30	1070083706822438912	GovMLG
governors	governor_30	1061385474	RepLujanGrisham
governors	governor_31	232268199	NYGovCuomo
governors	governor_31	2513761008	andrewcuomo
governors	governor_32	813792250497028102	NC_Governor
governors	governor_32	1712960918	RoyCooperNC
governors	governor_33	518700708	DougBurgum
governors	governor_34	18820392	GovMikeDeWine
governors	governor_34	30887511	MikeDeWine
governors	governor_35	865210877678686208	GovStitt
governors	governor_36	3023272478	OregonGovBrown
governors	governor_37	2978837542	GovernorTomWolf
governors	governor_37	1321432124	TomWolfPA
governors	governor_38	240778059	GovRaimondo
governors	governor_38	113795716	GinaRaimondo
governors	governor_39	16335288	henrymcmaster
governors	governor_40	235251868	govkristinoem
governors	governor_40	114388293	KristiNoem
governors	governor_41	1084924525232513025	GovBillLee
governors	governor_41	823248562851037185	BillLeeTN
governors	governor_42	19291441	GovAbbott
governors	governor_42	90651198	GregAbbott_TX
governors	governor_43	60688326	GovHerbert
governors	governor_44	545107258	GovPhilScott
governors	governor_45	104198706	GovernorVA
governors	governor_45	331036671	RalphNortham
governors	governor_46	1077214808	GovInslee
governors	governor_46	21789463	JayInslee
governors	governor_47	607332953	WVGovernor
governors	governor_47	3167789983	JimJusticeWV
governors	governor_48	234896532	GovEvers
governors	governor_49	1081334766924754944	GovernorGordon
officials	officials_3	1163992520252153857	mikepompeo
officials	officials_5	799764016885329921	stevenmnuchin1
officials	officials_8	1142185061439197186	EsperDoD
officials	officials_18	821456935421693952	SecBernhardt
officials	officials_20	842072478834909184	SonnyPerdue
officials	officials_21	836305915452272641	SecretaryRoss
officials	officials_25	1178695912496992257	SecGeneScalia
officials	officials_30	956283913835614208	SecAzar
officials	officials_32	828613457020870657	SecretaryCarson
officials	officials_32	1180379185	RealBenCarson
officials	officials_34	826065858548133888	SecElaineChao
officials	officials_38	894923298374651904	SecBrouillette
officials	officials_40	828997388920619008	BetsyDeVosED
officials	officials_43	1024390184090181633	SecWilkie
officials	officials_47	935148134505828353	SecNielsen
officials	officials_66	1348094562980548608	KellyCraftKY
officials	officials_68	1278677862934085635	MickMulvaney
officials	officials_69	969218051555184640	RussVought45
officials	officials_75	832672006113931269	EPAAWheeler
officials	officials_79	1204850195546161153	SBAJovita
candidates	candidate_68623	25034727	abbybroyles
candidates	candidate_69576	1284254705103917058	PerkinsforLA
candidates	candidate_69417	1711626067	AllenRWaters
candidates	candidate_67552	950838997512732672	AlyseGalvin
candidates	candidate_66283	2783231383	AmyMcGrathKY
candidates	candidate_69577	2500750611	AntoinePierce
candidates	candidate_69284	1179862944261312514	BarbaraBollier
candidates	candidate_68832	2460078919	BenSalango
candidates	candidate_69440	1215189740955136000	barron_ky
candidates	candidate_63365	34064826	voteslowinski
candidates	candidate_34515	92397793	CalforNC
candidates	candidate_66340	1059838349735849984	CJSenate2020
candidates	candidate_68828	781354393773875200	PetersonLawProf
candidates	candidate_69161	1159825169843662848	CorkyForNH
candidates	candidate_68738	1172922569734918149	ahlers_dan
candidates	candidate_69164	2575826929	DanFeltesNH
candidates	candidate_64262	1869975300	DanSullivan_AK
candidates	candidate_68862	1163837390777212928	gadeforvirginia
candidates	candidate_69616	824439164557029380	justdannymalouf
candidates	candidate_69657	16561591	DarrylWPerry
candidates	candidate_62186	1431459812	dbcgreentx
candidates	candidate_66806	4872773471	ddrewknight
candidates	candidate_58743	619377190	DaveZuckermanVT
candidates	candidate_65597	4733761320	D_EdwardsLA
candidates	candidate_513	2559398984	DonYoungAK
candidates	candidate_69533	1242587185280360448	RainwaterForIN
candidates	candidate_64942	4755913398	DougForDakota
candidates	candidate_66830	140529899	DustyJohnson
candidates	candidate_59884	23196175	duwayneh57
candidates	candidate_18906	3118589409	HolcombForIN
candidates	candidate_69619	1185518759282393089	ErikaKolenich
candidates	candidate_68506	425488724	gsiadek
candidates	candidate_65131	3420965229	GregForMontana
candidates	candidate_65131	1343969773726494721	GovGianforte
candidates	candidate_32916	142234626	HowieHawkins
candidates	candidate_69539	1254903082519089157	JBuckley2020
candidates	candidate_65484	20934272	LewisForMN
candidates	candidate_1073	14125897	JeanneShaheen
candidates	candidate_15344	1148757025012277249	Risch4Idaho
candidates	candidate_67957	1176367702543413248	Jorgensen4POTUS
candidates	candidate_63564	90346270	PerkinsForUSSen
candidates	candidate_10206	15136081	johncarneyforde
candidates	candidate_67181	861246117689925633	JohnJamesMI
candidates	candidate_67465	760844792616058880	ODonnell4NH
candidates	candidate_66825	263345878	WilliamsForMT
candidates	candidate_66922	964996994623311874	Armstrong_ND
candidates	candidate_69647	2809086853	McKennon2020
candidates	candidate_68325	1268392145154605056	HayesforNC
candidates	candidate_69125	1225140542134259712	kocforsenate
candidates	candidate_10275	1011815911798595584	goMurph2020
candidates	candidate_65591	4049197462	LisaBRochester
candidates	candidate_69463	179142696	naturalguard
candidates	candidate_65587	98471035	Liz_Cheney
candidates	candidate_68970	3225647515	LorenCulp
candidates	candidate_68681	1241864849694396416	Lyman_Bishop
candidates	candidate_69225	1276533782099746816	GreyBull4WY
candidates	candidate_68373	1014702691594002433	ElectMarkCurran
candidates	candidate_68876	65707359	CaptMarkKelly
candidates	candidate_68485	246064793	MarkRonchettiNM
candidates	candidate_69240	2415806120	BradshawforTN
candidates	candidate_61631	482450423	MarthaMcSallyAZ
candidates	candidate_65996	147377744	jhegar
candidates	candidate_69470	1174076394025783296	liebermanforga
candidates	candidate_63731	1376252790	MattForMontana
candidates	candidate_69221	1217296599954722817	MBenDavid2020
candidates	candidate_55847	1145874419857817600	CooneyforMT
candidates	candidate_27501	981691454962749440	MikeEspyMS
candidates	candidate_67742	240055630	keparson
candidates	candidate_580	978029858	RoundsforSenate
candidates	candidate_67832	985957894356074496	nadine4delaware
candidates	candidate_69309	281633898	nicolergalloway
candidates	candidate_66398	2942421722	PauletteEJordan
candidates	candidate_69580	1271289655107874818	WenstrupforLA
candidates	candidate_69478	1221242033530195970	ReverendWarnock
candidates	candidate_69478	1352287997853622273	SenatorWarnock
candidates	candidate_67780	850426175046299648	DoaneRaymon
candidates	candidate_64430	19278011	RickStewart
candidates	candidate_69521	1187121060942155777	RickDHarrington
candidates	candidate_69540	2462444400	k_combs
candidates	candidate_69172	1139607716941500417	SaraGideon
candidates	candidate_66690	123036487	ShaneTHazel
candidates	candidate_67901	1090016912669581315	ShannonBrayNC
candidates	candidate_441	158890005	CapitoforWV
candidates	candidate_68830	69663100	SpencerJCox
candidates	candidate_68830	1343681134924742656	GovCox
candidates	candidate_69435	1235066636153040896	Steve4Gov
candidates	candidate_68741	875025043130068992	GreenfieldIowa
candidates	candidate_59379	312868101	DrWoodyMyers
candidates	candidate_68735	1221949762410287110	ZachforND
